MatchDate,MatchTimestamp,Opponent,OpponentShort,Home,Goals_For,Goals_Against,Penalty_For,Penalty_Against,Result,Went_To_Penalties,Shots,Shots_On_Target,Possession,Corners,Fouls,MOTM,Minutes,Division
2026-06-05 20:59:30,1780693170,RIAL MADRID FC,RMA,True,1,1,0,0,D,False,2.0,1.0,1628.0,1.0,0.0,Erling Haaland,90,7
2026-06-05 19:50:18,1780689018,PROSOCCERGIANTS FC,PSG,True,1,0,0,0,W,False,7.0,1.0,1988.0,1.0,2.0,O. Dembélé,90,7
2026-06-05 19:42:52,1780688572,PROSOCCERGIANTS FC,PSG,True,4,0,0,0,W,False,6.0,5.0,2133.0,0.0,1.0,Kylian Mbappé,90,7
2026-06-05 18:12:16,1780683136,YANGA  AFRICANS TANZANIA,YAN,True,1,0,0,0,W,False,4.0,1.0,2628.0,0.0,0.0,Federico Valverde,90,7
2026-06-05 13:53:52,1780667632,PROSOCCERGIANTS FC,PSG,True,4,2,0,0,W,False,5.0,4.0,1987.0,0.0,1.0,Erling Haaland,90,7
2026-06-05 13:43:00,1780666980,PROSOCCERGIANTS FC,PSG,True,1,1,4,3,PW,True,5.0,3.0,3452.0,1.0,1.0,Virgil,120,7
2026-06-05 12:50:08,1780663808,PROSOCCERGIANTS FC,PSG,True,2,3,0,0,L,False,5.0,3.0,2974.0,0.0,1.0,Kylian Mbappé,120,7
2026-06-05 12:40:34,1780663234,PROSOCCERGIANTS FC,PSG,True,1,4,0,0,L,False,4.0,3.0,2389.0,1.0,0.0,Kevin De Bruyne,86,7
2026-06-05 11:24:33,1780658673,KING CLUB,KIN,True,1,0,0,0,W,False,1.0,1.0,2427.0,0.0,0.0,A.Becker,90,7
2026-06-05 10:40:42,1780656042,PROSOCCERGIANTS FC,PSG,True,0,1,0,0,L,False,2.0,0.0,2415.0,1.0,0.0,Kevin De Bruyne,90,7
2026-06-05 10:29:26,1780655366,PROSOCCERGIANTS FC,PSG,False,4,5,0,0,L,False,9.0,4.0,3178.0,2.0,0.0,Erling Haaland,120,7
2026-06-05 09:24:26,1780651466,BANGLADESH,BAN,False,1,2,0,0,L,False,3.0,1.0,2681.0,2.0,0.0,Antonio Rüdiger,90,7
2026-06-05 08:18:54,1780647534,ISDA BRAZIL,CBF,True,0,1,0,0,L,False,1.0,1.0,1765.0,0.0,0.0,E. Militão,90,7
2026-06-05 07:53:29,1780646009,Dream FC,BOS,False,2,1,0,0,W,False,3.0,3.0,2250.0,0.0,0.0,Erling Haaland,90,7
2026-06-05 07:50:26,1780645826,ANOWER,ANO,False,3,0,0,0,W,False,1.0,1.0,252.0,0.0,1.0,Kylian Mbappé,9,7
2026-06-05 07:43:42,1780645422,BANDARBAN,BBF,True,0,0,0,0,D,False,4.0,2.0,1839.0,0.0,0.0,A.Becker,90,7
2026-06-05 06:41:34,1780641694,RAHEL,RAH,True,3,1,0,0,W,False,6.0,4.0,2542.0,1.0,0.0,Kylian Mbappé,90,8
2026-06-05 06:20:37,1780640437,KERALA BLASTERS,KBF,False,4,1,0,0,W,False,6.0,4.0,1995.0,2.0,1.0,Kylian Mbappé,90,8
2026-06-05 05:58:26,1780639106,BRIGHTON,BRI,False,4,1,0,0,W,False,3.0,2.0,1202.0,1.0,0.0,Kylian Mbappé,45,8
2026-06-05 05:09:36,1780636176,PORTUGAL,POR,False,3,0,0,0,W,False,2.0,1.0,1260.0,1.0,0.0,Florentino,45,8
2026-06-05 05:05:50,1780635950,Dream FC,HAM,True,3,0,0,0,W,False,2.0,2.0,612.0,0.0,0.0,Kylian Mbappé,18,8
2026-06-04 18:32:51,1780597971,PROSOCCERGIANTS FC,PSG,True,0,0,3,2,PW,True,3.0,0.0,3547.0,1.0,4.0,Antonio Rüdiger,126,8
2026-06-04 18:26:27,1780597587,PROSOCCERGIANTS FC,PSG,True,0,3,0,0,L,False,0.0,0.0,2220.0,0.0,1.0,Virgil,90,8
2026-06-04 18:16:22,1780596982,PROSOCCERGIANTS FC,PSG,False,2,3,0,0,L,False,9.0,2.0,2941.0,2.0,1.0,Erling Haaland,120,8
2026-06-04 16:34:41,1780590881,Dream FC,JSC,True,2,2,0,0,D,False,3.0,2.0,2566.0,0.0,0.0,Erling Haaland,90,8
2026-06-04 16:15:13,1780589713,YUVA SOCCER,YUV,False,4,0,0,0,W,False,9.0,4.0,2015.0,2.0,0.0,Kylian Mbappé,90,8
2026-06-04 15:35:35,1780587335,WARRIORS,WRS,False,0,2,0,0,L,False,1.0,0.0,1331.0,1.0,1.0,Rodrigo,90,8
2026-06-04 14:30:11,1780583411,SAYID F C,KIN,False,0,2,0,0,L,False,6.0,1.0,2865.0,2.0,1.0,Cristian Romero,90,7
2026-06-04 13:47:03,1780580823,REALMARDID,REA,False,1,1,0,0,D,False,4.0,3.0,2401.0,0.0,0.0,Lionel Messi,90,7
2026-06-04 13:32:39,1780579959,ALHALA,ALA,False,2,2,0,0,D,False,7.0,3.0,2495.0,1.0,0.0,Erling Haaland,90,7
2026-06-04 11:43:02,1780573382,PSG,PSG,True,0,2,0,0,L,False,1.0,0.0,2058.0,0.0,0.0,Erling Haaland,90,7
2026-06-04 11:35:21,1780572921,MTAKUJA ACADEMY,MAC,False,1,1,0,0,D,False,2.0,1.0,2097.0,1.0,0.0,Minjae,90,7
2026-06-04 11:19:52,1780571992,ELSWAH  EGY,ELS,True,1,2,0,0,L,False,2.0,1.0,2242.0,0.0,0.0,David Trezeguet,90,7
2026-06-04 10:32:46,1780569166,REAL MADRID,REL,False,0,1,0,0,L,False,3.0,2.0,2268.0,1.0,0.0,Erling Haaland,90,7
2026-06-04 09:44:00,1780566240,PROSOCCERGIANTS FC,PSG,True,3,0,0,0,W,False,5.0,4.0,1997.0,0.0,0.0,Kylian Mbappé,90,7
2026-06-04 09:36:55,1780565815,MARTIN,MAR,False,1,1,0,0,D,False,3.0,1.0,2424.0,1.0,1.0,Erling Haaland,90,7
2026-06-04 07:43:03,1780558983,NAYON FC,NAY,False,2,0,0,0,W,False,4.0,2.0,2972.0,2.0,0.0,Virgil,90,7
2026-06-04 07:12:29,1780557149,THE OGS,OGS,True,0,2,0,0,L,False,1.0,1.0,2872.0,0.0,0.0,Paul Gascoigne,90,7
2026-06-04 07:00:53,1780556453,YOUR DAD,NUR,False,1,1,0,0,D,False,4.0,2.0,2149.0,0.0,0.0,Erling Haaland,90,8
2026-06-04 05:21:29,1780550489,MANSUR,MSR,True,3,0,0,0,W,False,4.0,2.0,994.0,0.0,1.0,Erling Haaland,34,8
2026-06-03 19:56:55,1780516615,ANOTHER BANGER,FCB,True,3,0,0,0,W,False,3.0,2.0,1868.0,0.0,0.0,Erling Haaland,79,8
2026-06-03 19:46:10,1780515970,MUARSALIN,CBF,True,0,2,0,0,L,False,3.0,0.0,2072.0,1.0,0.0,Erling Haaland,90,8
2026-06-03 19:38:41,1780515521,YEMEN,YEM,False,1,0,0,0,W,False,4.0,2.0,3352.0,0.0,0.0,Antonio Rüdiger,90,8
2026-06-03 17:02:06,1780506126,BANGLADESH  M H,M H,False,4,1,0,0,W,False,6.0,4.0,2505.0,0.0,0.0,Erling Haaland,90,8
2026-06-03 16:40:17,1780504817,PROSOCCERGIANTS FC,PSG,False,1,1,2,4,PL,True,3.0,3.0,3068.0,0.0,0.0,Lamine Yamal,120,8
2026-06-03 16:34:15,1780504455,PROSOCCERGIANTS FC,PSG,False,2,1,0,0,W,False,5.0,3.0,2176.0,1.0,0.0,Kylian Mbappé,90,8
2026-06-03 16:27:40,1780504060,PROSOCCERGIANTS FC,PSG,False,3,1,0,0,W,False,6.0,4.0,2427.0,2.0,0.0,Federico Valverde,90,8
2026-06-03 14:58:16,1780498696,KERALA STRIKERS,UAE,False,1,0,0,0,W,False,4.0,3.0,2526.0,0.0,0.0,Antonio Rüdiger,90,8
2026-06-03 13:37:18,1780493838,PROSOCCERGIANTS FC,PSG,True,0,0,4,2,PW,True,4.0,2.0,3228.0,0.0,0.0,Virgil,121,8
2026-06-03 13:27:48,1780493268,Dream FC,JSR,False,1,2,0,0,L,False,5.0,1.0,2624.0,3.0,2.0,O. Dembélé,120,8
2026-06-03 12:26:03,1780489563,PROSOCCERGIANTS FC,PSG,False,1,2,0,0,L,False,2.0,1.0,1747.0,0.0,0.0,Kylian Mbappé,90,8
2026-06-03 11:58:03,1780487883,ARGENTINA,ARG,True,1,1,0,0,D,False,7.0,2.0,1888.0,2.0,0.0,Kylian Mbappé,90,9
2026-06-03 11:50:43,1780487443,SYLHET CITY FC,SYL,True,2,2,0,0,D,False,3.0,2.0,1989.0,0.0,0.0,Erling Haaland,90,9
2026-06-03 11:11:28,1780485088,BRAZIL,BRA,False,1,0,0,0,W,False,4.0,2.0,1960.0,1.0,0.0,A.Becker,90,9
2026-06-03 10:01:06,1780480866,BARCELONA,FCB,False,0,3,0,0,L,False,1.0,0.0,397.0,0.0,0.0,Pedri,23,9
2026-06-03 09:49:38,1780480178,FULL IDIOT,ARN,True,2,1,0,0,W,False,2.0,2.0,1125.0,0.0,0.0,Erling Haaland,45,9
2026-06-03 09:32:41,1780479161,FC SHARAN NPL,NPL,False,3,0,0,0,W,False,6.0,4.0,1554.0,2.0,0.0,Kylian Mbappé,63,9
2026-06-03 09:20:00,1780478400,PROSOCCERGIANTS FC,PSG,False,1,0,0,0,W,False,4.0,1.0,2261.0,0.0,1.0,Antonio Rüdiger,90,9
2026-06-03 08:42:49,1780476169,PROSOCCERGIANTS FC,PSG,False,1,2,0,0,L,False,3.0,2.0,2999.0,2.0,0.0,Kylian Mbappé,90,9
2026-06-03 08:33:43,1780475623,PROSOCCERGIANTS FC,PSG,True,0,1,0,0,L,False,3.0,1.0,1962.0,1.0,2.0,Thibaut Courtois,90,9
2026-06-03 08:26:18,1780475178,PROSOCCERGIANTS FC,PSG,True,0,3,0,0,L,False,1.0,1.0,2014.0,0.0,2.0,Kevin De Bruyne,90,9
2026-06-03 08:19:42,1780474782,PROSOCCERGIANTS FC,PSG,True,0,1,0,0,L,False,4.0,1.0,2697.0,1.0,1.0,E. Militão,90,9
2026-06-03 04:58:16,1780462696,BARCELONA,FCB,False,1,2,0,0,L,False,4.0,3.0,2543.0,0.0,0.0,Erling Haaland,90,9
2026-06-03 04:38:15,1780461495,Dream FC,TAM,False,3,0,0,0,W,False,3.0,1.0,937.0,2.0,0.0,Rodrigo,40,9
2026-06-03 04:16:11,1780460171,TUHIN,TUH,True,0,1,0,0,L,False,2.0,1.0,2506.0,1.0,0.0,Paul Gascoigne,90,8
2026-06-02 20:04:08,1780430648,JIM FC,JIM,True,0,1,0,0,L,False,6.0,1.0,2031.0,3.0,1.0,Ibrahima Konaté,90,8
2026-06-02 20:01:05,1780430465,MEHDI   FC,FCM,False,3,0,0,0,W,False,5.0,2.0,795.0,0.0,0.0,Kylian Mbappé,21,8
2026-06-02 19:23:59,1780428239,PROSOCCERGIANTS FC,PSG,True,1,2,0,0,L,False,2.0,1.0,2193.0,0.0,4.0,Vinícius Júnior,90,8
2026-06-02 19:17:17,1780427837,PROSOCCERGIANTS FC,PSG,True,2,0,0,0,W,False,2.0,2.0,2251.0,0.0,2.0,A.Becker,90,8
2026-06-02 19:07:57,1780427277,PROSOCCERGIANTS FC,PSG,True,1,3,0,0,L,False,1.0,1.0,2396.0,0.0,1.0,Erling Haaland,90,8
2026-06-02 18:56:27,1780426587,PROSOCCERGIANTS FC,PSG,True,0,0,3,4,PL,True,4.0,1.0,3257.0,1.0,0.0,E. Militão,122,8
2026-06-02 16:14:45,1780416885,PROSOCCERGIANTS FC,PSG,False,0,2,0,0,L,False,3.0,1.0,2385.0,0.0,0.0,Antonio Rüdiger,90,8
2026-06-02 16:08:17,1780416497,PROSOCCERGIANTS FC,PSG,False,0,1,0,0,L,False,0.0,0.0,1885.0,0.0,0.0,Virgil,90,8
2026-06-02 15:46:11,1780415171,PROSOCCERGIANTS FC,PSG,False,1,2,0,0,L,False,4.0,1.0,3305.0,1.0,1.0,Erling Haaland,120,8
2026-06-02 14:43:39,1780411419,BARCELONA,BAR,False,3,0,0,0,W,False,0.0,0.0,115.0,0.0,0.0,Virgil,4,8
2026-06-02 13:46:25,1780407985,FAHIM,FAH,True,1,1,0,0,D,False,3.0,2.0,2201.0,1.0,0.0,Robert Lewandowski,90,8
2026-06-02 13:22:05,1780406525,ARGENTINA,DRE,False,0,0,0,0,D,False,0.0,0.0,2028.0,0.0,1.0,Tony Adams,90,8
2026-06-02 09:38:39,1780393119,PROSOCCERGIANTS FC,PSG,False,1,2,0,0,L,False,3.0,2.0,2019.0,0.0,0.0,Rodrigo,90,8
2026-06-02 07:25:22,1780385122,Dream FC,ESM,True,1,2,0,0,L,False,4.0,2.0,2029.0,0.0,1.0,Kylian Mbappé,90,8
2026-06-02 07:14:03,1780384443,BRAZIL,BRA,True,4,0,0,0,W,False,5.0,5.0,2903.0,1.0,0.0,Erling Haaland,90,8
2026-06-02 07:05:00,1780383900,BANGLADESH,BAN,False,0,0,0,0,D,False,1.0,0.0,2433.0,0.0,2.0,Marquinhos,90,8
2026-06-02 07:03:00,1780383780,RAJU  CLUB,RAJ,False,4,1,0,0,W,False,1.0,1.0,332.0,0.0,0.0,Kylian Mbappé,12,8
2026-06-02 05:04:11,1780376651,ATK FC,ATK,False,3,1,0,0,W,False,3.0,3.0,3402.0,0.0,0.0,Erling Haaland,90,8
2026-06-02 04:57:40,1780376260,MADRASAH FC,MFC,False,1,1,0,0,D,False,4.0,1.0,2761.0,0.0,0.0,Kylian Mbappé,90,8
2026-06-01 20:47:53,1780346873,MIDLANDERS FC 1999,MID,True,0,2,0,0,L,False,2.0,1.0,2434.0,0.0,0.0,Achraf Hakimi,90,8
2026-06-01 20:37:26,1780346246,AL HILAL SFC,ALH,False,0,1,0,0,L,False,1.0,0.0,1717.0,0.0,1.0,David Trezeguet,90,8
2026-06-01 20:22:45,1780345365,LEIVON FC,KOM,False,1,3,0,0,L,False,1.0,1.0,1736.0,0.0,2.0,Jude Bellingham,90,8
2026-06-01 20:16:48,1780345008,REAL MADRID,RMD,False,0,1,0,0,L,False,0.0,0.0,2614.0,0.0,1.0,Virgil,90,8
2026-06-01 20:08:20,1780344500,DREEM F C,DRE,True,0,3,0,0,L,False,2.0,0.0,2045.0,0.0,1.0,Nico Paz,90,7
2026-06-01 19:55:12,1780343712,E MOUSE,AFC,True,2,3,0,0,L,False,6.0,3.0,2395.0,1.0,0.0,Erling Haaland,90,7
2026-06-01 19:47:10,1780343230,PROSOCCERGIANTS FC,PSG,True,0,1,0,0,L,False,1.0,0.0,2397.0,1.0,2.0,A.Becker,90,7
2026-06-01 19:41:22,1780342882,PROSOCCERGIANTS FC,PSG,True,0,1,0,0,L,False,0.0,0.0,1786.0,0.0,1.0,T. Hernandez,90,7
2026-06-01 19:19:36,1780341576,PROSOCCERGIANTS FC,PSG,True,0,0,2,4,PL,True,6.0,1.0,3248.0,3.0,1.0,E. Militão,121,7
2026-06-01 19:08:52,1780340932,PROSOCCERGIANTS FC,PSG,False,2,2,1,3,PL,True,5.0,3.0,2919.0,0.0,1.0,Kylian Mbappé,123,7
2026-06-01 19:02:01,1780340521,PROSOCCERGIANTS FC,PSG,False,3,1,0,0,W,False,6.0,3.0,2183.0,2.0,0.0,O. Dembélé,90,7
2026-06-01 18:52:43,1780339963,PROSOCCERGIANTS FC,PSG,False,1,2,0,0,L,False,4.0,1.0,1991.0,1.0,1.0,Rodrigo,90,7
2026-06-01 18:45:19,1780339519,PROSOCCERGIANTS FC,PSG,True,0,1,0,0,L,False,2.0,1.0,1960.0,0.0,2.0,E. Militão,90,7
2026-06-01 18:38:15,1780339095,PROSOCCERGIANTS FC,PSG,False,0,2,0,0,L,False,6.0,3.0,2359.0,2.0,1.0,Rodrigo,90,7
2026-06-01 17:02:57,1780333377,FC BARCALUNA,FC ,True,1,3,0,0,L,False,1.0,1.0,2138.0,0.0,0.0,J. Alvarez,90,7
2026-06-01 13:20:29,1780320029,PROSOCCERGIANTS FC,PSG,False,0,1,0,0,L,False,2.0,1.0,2344.0,2.0,0.0,Erling Haaland,90,7
2026-06-01 11:00:36,1780311636,M  A  R  U  F,WIN,False,1,3,0,0,L,False,3.0,3.0,2659.0,0.0,0.0,Erling Haaland,90,7
2026-06-01 10:35:09,1780310109,BANGLADESH,BGD,True,1,1,0,0,D,False,1.0,1.0,3130.0,0.0,0.0,Kylian Mbappé,90,7
2026-05-31 17:19:01,1780247941,HALA MADRID,DRM,False,1,3,0,0,L,False,1.0,1.0,1825.0,0.0,0.0,Erling Haaland,90,7
2026-05-31 07:36:14,1780212974,BHARAT,BHT,True,0,0,0,0,D,False,2.0,0.0,2312.0,3.0,0.0,A.Becker,90,7
2026-05-31 06:52:52,1780210372,BRAZIL,CBF,True,0,3,0,0,L,False,2.0,1.0,2181.0,1.0,0.0,A.Becker,90,8
2026-05-31 06:21:23,1780208483,MANCHESTE UNITED FC,MUN,False,0,3,0,0,L,False,2.0,1.0,2117.0,0.0,0.0,Cristiano Ronaldo,90,8
2026-05-31 05:49:50,1780206590,BANGLADESH,BAN,False,2,0,0,0,W,False,4.0,2.0,2044.0,1.0,1.0,Kylian Mbappé,90,8
2026-05-31 04:51:00,1780203060,RIAL,RIA,False,0,2,0,0,L,False,2.0,0.0,2115.0,2.0,0.0,Toni Kroos,90,8
2026-05-31 04:39:40,1780202380,THE INVINCIBLES,BAR,True,2,2,0,0,D,False,2.0,2.0,2008.0,0.0,1.0,Kylian Mbappé,90,8
2026-05-31 04:31:04,1780201864,DOMINATORS FC,DNC,True,1,0,0,0,W,False,3.0,2.0,2568.0,0.0,0.0,Kylian Mbappé,90,8
2026-05-31 04:06:18,1780200378,KKR,IND,True,4,1,0,0,W,False,2.0,2.0,2057.0,0.0,0.0,Kylian Mbappé,66,8
2026-05-30 20:24:23,1780172663,PROSOCCERGIANTS FC,PSG,True,1,2,0,0,L,False,2.0,2.0,2036.0,1.0,2.0,Kylian Mbappé,90,8
2026-05-30 20:17:51,1780172271,PROSOCCERGIANTS FC,PSG,False,1,3,0,0,L,False,3.0,1.0,2092.0,3.0,2.0,Erling Haaland,90,8
2026-05-30 20:11:14,1780171874,PROSOCCERGIANTS FC,PSG,True,1,0,0,0,W,False,6.0,2.0,2880.0,5.0,0.0,Kylian Mbappé,90,8
2026-05-30 20:04:45,1780171485,PROSOCCERGIANTS FC,PSG,False,1,3,0,0,L,False,3.0,1.0,2232.0,1.0,0.0,Erling Haaland,90,8
2026-05-30 19:40:27,1780170027,PROSOCCERGIANTS FC,PSG,True,0,2,0,0,L,False,2.0,0.0,2192.0,1.0,1.0,Virgil,90,7
2026-05-30 19:33:46,1780169626,PROSOCCERGIANTS FC,PSG,True,0,1,0,0,L,False,6.0,0.0,2631.0,1.0,0.0,Thibaut Courtois,90,7
2026-05-30 19:24:09,1780169049,PROSOCCERGIANTS FC,PSG,True,1,3,0,0,L,False,2.0,1.0,1902.0,0.0,1.0,Kylian Mbappé,90,7
2026-05-30 19:14:30,1780168470,PROSOCCERGIANTS FC,PSG,False,1,1,0,2,PL,True,5.0,1.0,2959.0,1.0,0.0,Rodrigo,122,7
2026-05-30 19:07:01,1780168021,PROSOCCERGIANTS FC,PSG,True,0,2,0,0,L,False,2.0,0.0,2371.0,1.0,1.0,Antonio Rüdiger,90,7
2026-05-30 17:43:53,1780163033,PROSOCCERGIANTS FC,PSG,False,0,1,0,0,L,False,1.0,1.0,1700.0,2.0,2.0,Kylian Mbappé,90,7
2026-05-30 17:37:24,1780162644,PROSOCCERGIANTS FC,PSG,False,0,1,0,0,L,False,2.0,1.0,2386.0,0.0,1.0,Erling Haaland,90,7
2026-05-30 15:15:48,1780154148,ALNASER,ANS,True,1,2,0,0,L,False,1.0,1.0,2362.0,0.0,0.0,Vinícius Júnior,90,7
2026-05-30 15:14:00,1780154040,HALA MADRID,RAI,False,0,3,0,0,L,False,1.0,0.0,260.0,0.0,0.0,A.Becker,18,7
2026-05-30 13:09:38,1780146578,NILOY,RDN,True,0,3,0,0,L,False,1.0,0.0,402.0,2.0,0.0,Kylian Mbappé,21,7
2026-05-30 11:43:34,1780141414,PROSOCCERGIANTS FC,PSG,False,0,0,5,6,PL,True,6.0,2.0,3684.0,4.0,0.0,N. Mendes,125,7
2026-05-30 11:37:06,1780141026,PROSOCCERGIANTS FC,PSG,True,1,3,0,0,L,False,5.0,1.0,2799.0,1.0,1.0,Kylian Mbappé,90,7
2026-05-30 10:47:37,1780138057,NILOY FC,NFC,True,1,0,0,0,W,False,7.0,3.0,2793.0,3.0,0.0,William Saliba,90,7
2026-05-30 10:40:42,1780137642,HUSSEIN,HLB,False,3,0,0,0,W,False,3.0,3.0,2872.0,0.0,1.0,Kylian Mbappé,76,7
2026-05-30 09:22:33,1780132953,NEPAL,NEP,True,1,0,0,0,W,False,3.0,1.0,3616.0,0.0,0.0,N. Mendes,90,7
2026-05-30 09:21:48,1780132908,ALI KAHN PLAYERS,ALI,True,0,3,0,0,L,False,0.0,0.0,81.0,0.0,0.0,Rodrigo,2,7
2026-05-30 06:57:21,1780124241,YO NO,YON,True,1,1,0,0,D,False,3.0,2.0,2472.0,0.0,1.0,Alexander Isak,90,7
2026-05-29 20:36:02,1780086962,PROSOCCERGIANTS FC,PSG,True,2,1,0,0,W,False,3.0,2.0,2590.0,0.0,1.0,O. Dembélé,90,7
2026-05-29 20:29:33,1780086573,PROSOCCERGIANTS FC,PSG,False,2,0,0,0,W,False,8.0,2.0,2711.0,3.0,0.0,Kylian Mbappé,90,7
2026-05-29 20:19:44,1780085984,PROSOCCERGIANTS FC,PSG,True,2,3,0,0,L,False,7.0,3.0,3715.0,2.0,0.0,Kylian Mbappé,120,7
2026-05-29 20:07:39,1780085259,PROSOCCERGIANTS FC,PSG,False,3,3,3,1,PW,True,9.0,5.0,4041.0,3.0,1.0,Kylian Mbappé,121,7
2026-05-29 19:16:09,1780082169,EGYP,AHL,False,0,0,0,0,D,False,1.0,0.0,2027.0,2.0,0.0,Virgil,90,7
2026-05-29 19:08:05,1780081685,DON FC,DON,True,0,0,0,0,D,False,3.0,2.0,2296.0,1.0,0.0,Thibaut Courtois,90,7
2026-05-29 19:00:02,1780081202,REAL MADRID,RMD,False,3,2,0,0,W,False,5.0,3.0,3171.0,1.0,2.0,Kylian Mbappé,90,7
2026-05-29 16:21:54,1780071714,PORTUGAL,PTL,False,1,1,0,0,D,False,5.0,2.0,2532.0,1.0,0.0,Virgil,90,7
2026-05-29 16:18:38,1780071518,FAHIM,FAH,False,5,2,0,0,W,False,1.0,0.0,748.0,1.0,0.0,Erling Haaland,30,7
2026-05-29 16:17:14,1780071434,REAL MADRID,REA,False,3,0,0,0,W,False,1.0,0.0,191.0,1.0,0.0,Rodrigo,8,7
2026-05-29 16:15:13,1780071313,KINGDOM,RAY,True,1,4,0,0,L,False,1.0,1.0,196.0,0.0,0.0,Rodrigo,12,7
2026-05-29 15:36:40,1780069000,REAL MADRID,RAM,True,2,3,0,0,L,False,3.0,2.0,2164.0,0.0,0.0,Erling Haaland,90,7
2026-05-29 15:19:17,1780067957,BARCELONA,IMR,True,0,3,0,0,L,False,1.0,1.0,607.0,0.0,0.0,Gabriel Batistuta,30,7
2026-05-29 12:40:47,1780058447,PROSOCCERGIANTS FC,PSG,True,0,0,2,4,PL,True,6.0,0.0,3572.0,4.0,2.0,N. Mendes,120,7
2026-05-29 12:36:17,1780058177,BROKEN HEART,BRO,False,0,3,0,0,L,False,1.0,0.0,1531.0,0.0,0.0,Kevin De Bruyne,49,7
2026-05-29 11:08:56,1780052936,BARSALONA,CBF,False,0,0,0,0,D,False,2.0,0.0,2523.0,0.0,0.0,Virgil,90,6
2026-05-29 10:54:25,1780052065,KAWSAR,KAW,True,2,0,0,0,W,False,4.0,2.0,2309.0,0.0,1.0,Kylian Mbappé,90,6
2026-05-29 10:47:21,1780051641,TK  PORO,POR,False,0,1,0,0,L,False,3.0,0.0,2722.0,1.0,1.0,Vinícius Júnior,90,6
2026-05-29 07:53:17,1780041197,HRIDOY FC,ABC,False,0,1,0,0,L,False,4.0,1.0,2629.0,0.0,1.0,Jules Koundé,90,6
2026-05-29 07:16:36,1780038996,YOUNGBOYS,YNG,True,1,4,0,0,L,False,1.0,1.0,599.0,0.0,0.0,O. Dembélé,25,6
2026-05-29 06:18:06,1780035486,Dream FC,BOE,True,1,3,0,0,L,False,4.0,2.0,2326.0,1.0,0.0,Erling Haaland,90,6
2026-05-29 04:08:19,1780027699,BRAZIL,BRA,True,1,3,0,0,L,False,5.0,2.0,2534.0,0.0,1.0,Igor Thiago,90,6
2026-05-28 18:36:39,1779993399,RICO FC,RIC,True,1,1,0,0,D,False,5.0,2.0,2856.0,0.0,0.0,Erling Haaland,90,7
2026-05-28 16:32:32,1779985952,Dream FC,TAM,True,2,1,0,0,W,False,4.0,2.0,2311.0,1.0,0.0,Kylian Mbappé,90,7
2026-05-28 15:58:27,1779983907,PROSOCCERGIANTS FC,PSG,False,7,0,0,0,W,False,8.0,7.0,2904.0,0.0,0.0,Kylian Mbappé,90,7
2026-05-28 12:14:07,1779970447,PROSOCCERGIANTS FC,PSG,True,1,1,3,4,PL,True,1.0,1.0,3080.0,0.0,0.0,Kevin De Bruyne,120,7
2026-05-28 11:20:17,1779967217,PROSOCCERGIANTS FC,PSG,False,2,5,0,0,L,False,6.0,2.0,3455.0,3.0,1.0,Erling Haaland,121,7
2026-05-28 10:38:43,1779964723,PROSOCCERGIANTS FC,PSG,True,2,3,0,0,L,False,6.0,2.0,2612.0,1.0,0.0,Erling Haaland,120,7
2026-05-28 10:31:23,1779964283,PROSOCCERGIANTS FC,PSG,False,3,0,0,0,W,False,9.0,5.0,2768.0,1.0,0.0,Kylian Mbappé,90,7
2026-05-28 10:08:35,1779962915,PROSOCCERGIANTS FC,PSG,True,2,3,0,0,L,False,5.0,5.0,2445.0,0.0,0.0,Erling Haaland,90,7
2026-05-28 10:02:00,1779962520,PROSOCCERGIANTS FC,PSG,True,0,3,0,0,L,False,3.0,1.0,1533.0,1.0,0.0,E. Militão,74,7
2026-05-28 09:33:20,1779960800,FC  BARCELONA,FCB,False,2,3,0,0,L,False,3.0,3.0,2231.0,0.0,1.0,Rodrygo,90,7
2026-05-28 09:14:01,1779959641,REAL MADRIDR,RAH,False,3,2,0,0,W,False,7.0,4.0,2259.0,1.0,1.0,Erling Haaland,90,7
2026-05-28 09:08:50,1779959330,BAHRAIN,BHR,False,3,0,0,0,W,False,5.0,2.0,1195.0,1.0,0.0,O. Dembélé,40,7
2026-05-28 09:04:34,1779959074,REAL  DE MADRID,RMA,False,0,3,0,0,L,False,2.0,1.0,833.0,1.0,0.0,Erling Haaland,31,7
2026-05-28 06:22:44,1779949364,BRAZIL,JAN,False,0,0,0,0,D,False,4.0,1.0,2293.0,0.0,1.0,Virgil,90,7
2026-05-28 06:16:59,1779949019,JAFAR,JAF,True,4,1,0,0,W,False,4.0,3.0,1256.0,0.0,0.0,Federico Valverde,55,7
2026-05-28 05:30:24,1779946224,Dream FC,TSD,False,1,2,0,0,L,False,4.0,1.0,2264.0,2.0,0.0,Erling Haaland,90,7
2026-05-28 05:22:30,1779945750,FC BARCELONA,FCB,True,2,0,0,0,W,False,4.0,2.0,1826.0,2.0,1.0,Kylian Mbappé,83,7
2026-05-27 17:53:55,1779904435,BRAZIL,BRA,True,2,3,0,0,L,False,2.0,2.0,2493.0,0.0,0.0,Robert Lewandowski,95,6
2026-05-27 15:59:31,1779897571,INDIA XI,IND,False,0,3,0,0,L,False,0.0,0.0,42.0,0.0,1.0,Kevin De Bruyne,8,6
2026-05-27 14:26:53,1779892013,DRIM,EAD,True,1,2,0,0,L,False,5.0,1.0,2173.0,2.0,0.0,Erling Haaland,90,6
2026-05-27 13:55:13,1779890113,MIKAT,MIK,True,1,2,0,0,L,False,2.0,2.0,1537.0,0.0,3.0,Erling Haaland,91,6
2026-05-27 09:16:58,1779873418,ZALMI  STARS,YES,True,2,5,0,0,L,False,5.0,3.0,2668.0,1.0,0.0,Erling Haaland,88,6
2026-05-27 08:23:54,1779870234,Dream FC,MFC,True,2,1,0,0,W,False,6.0,2.0,2866.0,4.0,0.0,Erling Haaland,95,6
2026-05-27 08:16:28,1779869788,REAL MADRID,RMD,False,2,0,0,0,W,False,5.0,3.0,2226.0,0.0,0.0,Erling Haaland,93,6
2026-05-27 07:19:44,1779866384,Dream FC,MUH,False,1,1,0,0,D,False,3.0,3.0,1859.0,0.0,0.0,Kylian Mbappé,94,7
2026-05-27 05:03:24,1779858204,BABU ST ACADEMY,BSA,True,0,4,0,0,L,False,1.0,0.0,2026.0,0.0,0.0,Kylian Mbappé,91,7
2026-05-27 03:23:43,1779852223,ROCK,XXZ,True,2,2,0,0,D,False,5.0,2.0,2909.0,0.0,1.0,Erling Haaland,94,7
2026-05-27 03:19:10,1779851950,^X-7UP-3PS-BT7-NB7-RF8-X^^,^_^,True,3,0,0,0,W,False,3.0,2.0,463.0,0.0,0.0,Kylian Mbappé,45,7
2026-05-27 03:10:18,1779851418,FC  NARSINGDI,FCN,False,3,0,0,0,W,False,4.0,1.0,886.0,1.0,0.0,Erling Haaland,37,7
2026-05-26 19:27:56,1779823676,PROSOCCERGIANTS FC,PSG,True,5,1,0,0,W,False,12.0,6.0,3095.0,1.0,0.0,Kylian Mbappé,90,7
2026-05-26 19:21:20,1779823280,PROSOCCERGIANTS FC,PSG,False,2,0,0,0,W,False,6.0,3.0,2517.0,0.0,1.0,Erling Haaland,94,7
2026-05-26 19:12:23,1779822743,PROSOCCERGIANTS FC,PSG,True,2,3,0,0,L,False,4.0,3.0,2655.0,2.0,1.0,Erling Haaland,92,7
2026-05-26 18:51:28,1779821488,PROSOCCERGIANTS FC,PSG,False,3,0,0,0,W,False,1.0,0.0,290.0,0.0,0.0,Kylian Mbappé,5,7
2026-05-26 18:44:02,1779821042,PROSOCCERGIANTS FC,PSG,True,3,0,0,0,W,False,1.0,1.0,2752.0,2.0,1.0,Vinícius Júnior,90,7
2026-05-26 18:35:13,1779820513,PROSOCCERGIANTS FC,PSG,True,3,4,0,0,L,False,8.0,4.0,2289.0,1.0,0.0,Erling Haaland,91,7
2026-05-26 18:24:09,1779819849,PROSOCCERGIANTS FC,PSG,True,2,2,3,2,PW,True,5.0,4.0,3043.0,2.0,0.0,Kylian Mbappé,121,7
2026-05-26 17:07:17,1779815237,ARSENAL,ARS,False,3,0,0,0,W,False,7.0,5.0,2575.0,1.0,0.0,William Saliba,88,7
2026-05-26 16:24:43,1779812683,REAL MADRID,RMC,False,1,4,0,0,L,False,1.0,1.0,2226.0,0.0,0.0,Gabriel Batistuta,91,7
2026-05-26 16:16:45,1779812205,BANGLADESH,BAN,True,1,0,0,0,W,False,2.0,1.0,2492.0,0.0,0.0,N. Mendes,91,7
2026-05-26 16:13:37,1779812017,BARCELONA,BAR,False,3,0,0,0,W,False,2.0,1.0,289.0,0.0,0.0,Kylian Mbappé,8,7
2026-05-26 13:42:59,1779802979,PROSOCCERGIANTS FC,PSG,False,1,2,0,0,L,False,3.0,3.0,2439.0,2.0,1.0,Cristiano Ronaldo,91,7
2026-05-26 11:57:59,1779796679,PROSOCCERGIANTS FC,PSG,True,2,3,0,0,L,False,4.0,3.0,3253.0,2.0,1.0,Virgil,120,7
2026-05-26 11:50:44,1779796244,PROSOCCERGIANTS FC,PSG,True,1,0,0,0,W,False,5.0,3.0,2525.0,1.0,0.0,Virgil,92,7
2026-05-26 11:43:50,1779795830,PROSOCCERGIANTS FC,PSG,False,1,2,0,0,L,False,3.0,2.0,2241.0,0.0,1.0,Virgil,92,7
2026-05-26 11:15:49,1779794149,PROSOCCERGIANTS FC,PSG,True,2,1,0,0,W,False,5.0,3.0,2903.0,1.0,0.0,Kylian Mbappé,91,7
2026-05-26 09:11:42,1779786702,PROSOCCERGIANTS FC,PSG,True,4,1,0,0,W,False,3.0,3.0,2655.0,0.0,1.0,Kylian Mbappé,90,7
2026-05-26 09:04:54,1779786294,PROSOCCERGIANTS FC,PSG,True,2,1,0,0,W,False,4.0,2.0,2519.0,0.0,0.0,Erling Haaland,91,7
2026-05-25 20:17:25,1779740245,BRAZIL,BRA,False,0,1,0,0,L,False,2.0,2.0,2423.0,0.0,2.0,Marquinhos,92,7
2026-05-25 18:23:25,1779733405,P7R,P7R,False,1,2,0,0,L,False,2.0,1.0,1928.0,0.0,1.0,Raphinha,90,7
2026-05-25 10:58:26,1779706706,PROSOCCERGIANTS FC,PSG,False,3,4,0,0,L,False,9.0,6.0,3748.0,1.0,0.0,Kylian Mbappé,121,7
2026-05-25 10:50:56,1779706256,Dream FC,JSR,False,3,0,0,0,W,False,5.0,2.0,2595.0,2.0,1.0,Tony Adams,90,7
2026-05-25 10:43:30,1779705810,Dream FC,JSR,True,2,0,0,0,W,False,5.0,3.0,2638.0,0.0,0.0,Virgil,94,7
2026-05-25 10:35:45,1779705345,PROSOCCERGIANTS FC,PSG,True,3,0,0,0,W,False,5.0,4.0,2706.0,0.0,0.0,Erling Haaland,90,7
2026-05-25 09:11:56,1779700316,INDIA,IND,False,2,1,0,0,W,False,2.0,2.0,2031.0,0.0,1.0,B. Fernandes,91,7
2026-05-25 07:49:49,1779695389,R MADRID,MAD,False,1,1,0,0,D,False,1.0,1.0,2680.0,0.0,0.0,Antonio Rüdiger,92,7
2026-05-25 07:43:08,1779694988,FFC,FFC,True,4,1,0,0,W,False,0.0,0.0,2592.0,0.0,0.0,Federico Valverde,73,7
2026-05-25 06:43:39,1779691419,MOHAN BAGAN SUPER GAINT,MBG,False,2,2,0,0,D,False,7.0,3.0,2197.0,1.0,0.0,Kylian Mbappé,97,7
2026-05-25 06:24:51,1779690291,ODISHA FC,ODI,True,3,0,0,0,W,False,4.0,1.0,1684.0,0.0,1.0,Kylian Mbappé,90,7
2026-05-25 06:16:09,1779689769,SOMALI  NFD,AJS,True,3,0,0,0,W,False,6.0,3.0,2914.0,1.0,0.0,Erling Haaland,90,7
2026-05-24 19:12:24,1779649944,Dream FC,RMC,True,1,2,0,0,L,False,4.0,2.0,1795.0,2.0,2.0,Lamine Yamal,90,7
2026-05-24 19:05:06,1779649506,BRAZIL,BRA,False,0,7,0,0,L,False,1.0,0.0,1967.0,0.0,0.0,O. Dembélé,90,6
2026-05-23 22:04:07,1779573847,(RAPID FIRE FC),RFF,False,2,1,0,0,W,False,7.0,3.0,1883.0,3.0,0.0,Kylian Mbappé,92,6
2026-05-23 16:44:32,1779554672,RMA,RMA,False,0,0,0,0,D,False,0.0,0.0,1906.0,0.0,0.0,Virgil,92,6
2026-05-23 16:36:06,1779554166,CHOTO VAI,JON,False,0,3,0,0,L,False,1.0,1.0,1043.0,0.0,0.0,Lautaro,38,6
2026-05-23 16:29:25,1779553765,PORTOZIL,XYZ,False,0,1,0,0,L,False,1.0,0.0,1786.0,0.0,0.0,O. Dembélé,91,6
2026-05-23 02:28:44,1779503324,S A B B I R,DFF,True,1,1,0,0,D,False,1.0,1.0,2351.0,0.0,0.0,Kylian Mbappé,91,7
2026-05-22 17:06:33,1779469593,ARSENAL,ARS,True,0,1,0,0,L,False,1.0,0.0,2056.0,0.0,0.0,Virgil,91,7
2026-05-22 17:04:47,1779469487,LADU FC,LAD,False,3,0,0,0,W,False,1.0,1.0,243.0,0.0,0.0,Kylian Mbappé,11,7
2026-05-22 17:02:20,1779469340,PRIME PHEONIX FC,PPX,False,3,0,0,0,W,False,0.0,0.0,437.0,0.0,0.0,Rodrigo,19,7
2026-05-22 16:26:27,1779467187,911,911,False,7,4,0,0,W,False,2.0,1.0,939.0,0.0,0.0,Kylian Mbappé,34,7
2026-05-22 16:04:01,1779465841,BARCELONA,FCB,True,4,1,0,0,W,False,6.0,2.0,2020.0,2.0,0.0,Antonio Rüdiger,90,7
2026-05-22 15:58:25,1779465505,ARZENTINA,ARZ,True,3,0,0,0,W,False,3.0,2.0,1218.0,1.0,0.0,Kylian Mbappé,45,7
2026-05-22 15:15:43,1779462943,BANGLADESH,FCB,True,1,0,0,0,W,False,3.0,2.0,2832.0,0.0,0.0,Virgil,92,7
2026-05-22 14:58:34,1779461914,GHANA STAR,GHA,False,0,2,0,0,L,False,2.0,2.0,2222.0,0.0,0.0,Kylian Mbappé,91,7
2026-05-22 13:39:45,1779457185,MALABARIANS,MAL,False,0,0,0,0,D,False,2.0,0.0,1772.0,1.0,1.0,William Saliba,91,7
2026-05-22 13:25:22,1779456322,Dream FC,CBF,False,1,0,0,0,W,False,2.0,1.0,1837.0,1.0,0.0,A.Becker,91,7
2026-05-22 12:52:13,1779454333,KAIYUM  F C,FCB,True,2,2,0,0,D,False,5.0,2.0,2624.0,0.0,0.0,Kylian Mbappé,96,7
2026-05-22 12:44:49,1779453889,M R,M R,False,0,1,0,0,L,False,2.0,1.0,1955.0,1.0,0.0,Jovane,93,7
2026-05-22 08:04:07,1779437047,BIBEK,BIB,False,3,6,0,0,L,False,5.0,3.0,2917.0,0.0,0.0,Kylian Mbappé,84,7
2026-05-22 07:23:15,1779434595,BRAZIL,BRA,True,1,0,0,0,W,False,4.0,4.0,2356.0,0.0,0.0,Antonio Rüdiger,92,7
2026-05-22 05:32:09,1779427929,SAIF FC,SAI,False,0,3,0,0,L,False,2.0,1.0,2597.0,0.0,1.0,N. Mendes,94,7
2026-05-22 04:45:00,1779425100,BARCA FC,BAR,True,0,3,0,0,L,False,0.0,0.0,507.0,0.0,0.0,Alessandro Bastoni,18,7
2026-05-22 04:08:31,1779422911,ULTRA NAFIS XI,UNX,False,2,1,0,0,W,False,3.0,2.0,2275.0,0.0,0.0,O. Dembélé,91,7
2026-05-21 18:47:15,1779389235,INQILAB ZINDABAD,INQ,True,4,3,0,0,W,False,7.0,5.0,2341.0,1.0,0.0,O. Dembélé,91,7
2026-05-21 16:44:34,1779381874,RHAL MDRHD,RHA,False,1,2,0,0,L,False,3.0,1.0,2595.0,1.0,0.0,William Saliba,91,7
2026-05-21 16:34:54,1779381294,INDIAN LONG BALLON D'OR,IND,True,2,0,0,0,W,False,10.0,6.0,2650.0,1.0,1.0,Kylian Mbappé,91,7
2026-05-21 15:23:43,1779377023,KHAN FC,CBF,False,1,4,0,0,L,False,1.0,1.0,916.0,0.0,0.0,Erling Haaland,45,7
2026-05-21 12:45:55,1779367555,NOOOOOO,GGG,False,3,0,0,0,W,False,2.0,2.0,2448.0,0.0,0.0,Kylian Mbappé,90,7
2026-05-21 12:12:04,1779365524,BARCA,FCB,True,2,1,0,0,W,False,8.0,3.0,2511.0,2.0,1.0,Kylian Mbappé,90,7
2026-05-21 10:26:32,1779359192,YBFC,YBF,False,3,3,3,4,PL,True,5.0,4.0,2836.0,0.0,0.0,M. Salah,124,7
2026-05-21 09:29:04,1779355744,ARSENAL,ARS,False,1,2,0,0,L,False,1.0,1.0,2400.0,0.0,2.0,Erling Haaland,92,7
2026-05-21 08:39:34,1779352774,Dream FC,BBC,False,2,1,0,0,W,False,10.0,4.0,3797.0,1.0,0.0,Martin Ødegaard,121,7
2026-05-21 08:36:06,1779352566,FC DHAKA UNITED,FC,True,3,0,0,0,W,False,0.0,0.0,1057.0,0.0,0.0,Kevin De Bruyne,34,7
2026-05-21 07:39:21,1779349161,BARCELONA,FCB,True,0,0,4,3,PW,True,1.0,0.0,3377.0,1.0,0.0,Tony Adams,122,7
2026-05-21 06:21:47,1779344507,REAL MADRID,RMW,True,2,4,0,0,L,False,3.0,3.0,2240.0,0.0,1.0,Hernán Crespo,90,7
2026-05-20 19:37:17,1779305837,BANGLADESH,BAR,True,3,4,0,0,L,False,5.0,5.0,2661.0,0.0,1.0,Kylian Mbappé,125,7
2026-05-20 17:42:16,1779298936,11 FIGHTER,WAR,True,0,1,0,0,L,False,3.0,0.0,1987.0,2.0,0.0,Alessandro Bastoni,91,7
2026-05-20 12:46:07,1779281167,PROSOCCERGIANTS FC,PSG,True,4,0,0,0,W,False,9.0,6.0,2737.0,3.0,0.0,Vinícius Júnior,91,7
2026-05-20 12:34:08,1779280448,PROSOCCERGIANTS FC,PSG,False,4,3,0,0,W,False,5.0,5.0,2241.0,0.0,0.0,Erling Haaland,90,7
2026-05-20 12:16:26,1779279386,Dream FC,JSR,False,1,3,0,0,L,False,4.0,2.0,2523.0,1.0,2.0,Erling Haaland,94,7
2026-05-20 12:09:59,1779278999,Dream FC,JSR,True,1,0,0,0,W,False,6.0,3.0,2463.0,0.0,0.0,Jules Koundé,92,7
2026-05-20 11:25:48,1779276348,PROSOCCERGIANTS FC,PSG,False,3,0,0,0,W,False,2.0,2.0,2249.0,0.0,0.0,Erling Haaland,90,7
2026-05-20 11:04:22,1779275062,PROSOCCERGIANTS FC,PSG,False,4,1,0,0,W,False,7.0,1.0,2705.0,4.0,0.0,Kylian Mbappé,90,7
2026-05-20 07:53:44,1779263624,BANGLADESH,BAN,True,3,0,0,0,W,False,4.0,2.0,1696.0,0.0,0.0,Kylian Mbappé,52,7
2026-05-20 07:01:04,1779260464,WARLD STAR,NJR,True,0,3,0,0,L,False,2.0,1.0,2688.0,0.0,0.0,Erling Haaland,97,7
2026-05-20 06:03:48,1779257028,BANGLA TIGAR,BAN,False,3,0,0,0,W,False,4.0,1.0,2933.0,2.0,0.0,Antonio Rüdiger,90,7
2026-05-20 05:16:40,1779254200,BANGLADESH,BFF,False,1,2,0,0,L,False,2.0,2.0,2893.0,0.0,0.0,Harry Kane,95,7
2026-05-20 04:44:04,1779252244,REAL MADRID,REA,False,1,0,0,0,W,False,1.0,0.0,3305.0,2.0,1.0,William Saliba,120,7
2026-05-20 03:25:01,1779247501,MALAYALI,MFC,True,5,2,0,0,W,False,5.0,4.0,2032.0,0.0,1.0,Vinícius Júnior,90,8
2026-05-19 16:25:59,1779207959,REAL MADRID,RMA,True,4,1,0,0,W,False,9.0,5.0,2430.0,3.0,1.0,Kylian Mbappé,87,8
2026-05-19 07:31:01,1779175861,BANGLADESH,BAN,True,3,1,0,0,W,False,8.0,6.0,3368.0,0.0,0.0,Kylian Mbappé,123,8
2026-05-18 18:41:32,1779129692,DB FOUTBOOL,KAY,True,4,1,0,0,W,False,4.0,3.0,2607.0,0.0,0.0,Federico Valverde,90,8
2026-05-18 17:25:25,1779125125,Dream FC,GCG,True,0,3,0,0,L,False,1.0,0.0,2030.0,0.0,0.0,Erling Haaland,91,8
2026-05-18 11:21:16,1779103276,PROSOCCERGIANTS FC,PSG,False,1,1,3,2,PW,True,2.0,1.0,3123.0,0.0,0.0,Erling Haaland,122,8
2026-05-18 11:01:48,1779102108,PROSOCCERGIANTS FC,PSG,False,1,0,0,0,W,False,3.0,1.0,2296.0,1.0,0.0,Kylian Mbappé,91,8
2026-05-18 10:55:09,1779101709,PROSOCCERGIANTS FC,PSG,True,2,0,0,0,W,False,3.0,2.0,2193.0,1.0,2.0,Vinícius Júnior,92,8
2026-05-18 07:37:16,1779089836,MD SAGOR,MD,True,3,0,0,0,W,False,2.0,2.0,963.0,0.0,0.0,Kylian Mbappé,31,8
2026-05-18 05:11:44,1779081104,KING,RFC,True,0,0,3,2,PW,True,0.0,0.0,3225.0,0.0,1.0,A.Becker,120,8
2026-05-18 04:28:52,1779078532,BODOLAND  FC,BLC,False,0,3,0,0,L,False,0.0,0.0,36.0,0.0,0.0,Luis Díaz,10,8
2026-05-17 17:39:54,1779039594,FC  RIPON,FCR,False,4,1,0,0,W,False,2.0,1.0,1207.0,0.0,0.0,Kevin De Bruyne,71,8
2026-05-16 18:40:27,1778956827,BRAZIL,CBF,True,1,1,2,4,PL,True,5.0,1.0,3558.0,0.0,0.0,Federico Valverde,120,8
2026-05-16 17:51:27,1778953887,REAL MADRID,REA,False,2,0,0,0,W,False,5.0,3.0,2278.0,0.0,0.0,Kylian Mbappé,92,8
2026-05-16 17:16:05,1778951765,+91 9544583795 FRIENDLY MATCH WA,KER,False,3,0,0,0,W,False,7.0,3.0,1636.0,2.0,0.0,Kylian Mbappé,51,8
2026-05-16 12:34:42,1778934882,R MADRID,RMA,False,1,4,0,0,L,False,1.0,1.0,2842.0,0.0,0.0,Erling Haaland,92,7
2026-05-16 11:14:20,1778930060,DLS,DLS,False,2,3,0,0,L,False,8.0,2.0,3498.0,0.0,1.0,Kylian Mbappé,120,7
2026-05-16 07:18:28,1778915908,ZIM,ZIM,True,1,0,0,0,W,False,1.0,1.0,2103.0,0.0,0.0,Vinícius Júnior,90,7
2026-05-16 07:06:07,1778915167,HINDUSTAN,HDT,False,1,2,0,0,L,False,1.0,1.0,1897.0,0.0,1.0,Hakan Çalhanoğlu,94,7
2026-05-15 15:17:49,1778858269,PROSOCCERGIANTS FC,PSG,False,1,2,0,0,L,False,3.0,1.0,3804.0,1.0,1.0,Federico Valverde,120,7
2026-05-15 15:10:03,1778857803,PROSOCCERGIANTS FC,PSG,True,4,2,0,0,W,False,6.0,4.0,3080.0,1.0,0.0,Kylian Mbappé,94,7
2026-05-15 14:00:41,1778853641,PROSOCCERGIANTS FC,PSG,False,1,1,7,6,PW,True,3.0,2.0,3213.0,2.0,0.0,Kylian Mbappé,123,7
2026-05-15 13:41:15,1778852475,PROSOCCERGIANTS FC,PSG,False,3,0,0,0,W,False,0.0,0.0,0.0,0.0,0.0,Kylian Mbappé,2,7
2026-05-15 13:27:54,1778851674,PROSOCCERGIANTS FC,PSG,True,0,3,0,0,L,False,1.0,0.0,1732.0,0.0,0.0,Jude Bellingham,60,7
2026-05-15 13:16:09,1778850969,PROSOCCERGIANTS FC,PSG,True,2,3,0,0,L,False,8.0,2.0,3176.0,4.0,0.0,Federico Valverde,120,7
2026-05-15 12:17:31,1778847451,PROSOCCERGIANTS FC,PSG,False,0,3,0,0,L,False,3.0,2.0,1672.0,0.0,0.0,Kylian Mbappé,93,7
2026-05-15 12:07:51,1778846871,PROSOCCERGIANTS FC,PSG,False,4,1,0,0,W,False,5.0,5.0,2143.0,0.0,1.0,Erling Haaland,93,7
2026-05-15 07:00:58,1778828458,DLS TOP ONE,ONE,False,0,3,0,0,L,False,1.0,0.0,1831.0,1.0,0.0,Virgil,90,6
2026-05-15 06:56:29,1778828189,NARSINGDI KING,NAR,True,0,3,0,0,L,False,1.0,1.0,1408.0,0.0,0.0,Harry Kane,45,6
2026-05-14 19:22:34,1778786554,Dream FC,SPT,False,1,1,5,4,PW,True,6.0,2.0,3330.0,1.0,1.0,João Cancelo,120,6
2026-05-14 14:51:54,1778770314,Dream FC,SAL,False,2,0,0,0,W,False,6.0,3.0,2709.0,0.0,0.0,Kylian Mbappé,91,6
2026-05-14 14:19:58,1778768398,BD ANANDA,BDA,True,4,1,0,0,W,False,7.0,4.0,3222.0,2.0,0.0,Erling Haaland,120,6
2026-05-14 10:41:43,1778755303,REAL MADRID,NIT,False,0,1,0,0,L,False,2.0,0.0,2234.0,0.0,0.0,E. Militão,91,6
2026-05-14 07:51:35,1778745095,MARVELL,MAR,True,1,2,0,0,L,False,4.0,3.0,3439.0,0.0,0.0,William Saliba,121,5
2026-05-14 07:43:54,1778744634,BANGLADESH,FAW,True,1,4,0,0,L,False,2.0,1.0,2267.0,1.0,0.0,Erling Haaland,92,5
2026-05-14 04:55:44,1778734544,DADDYS FC,DFC,False,3,2,0,0,W,False,5.0,4.0,2372.0,1.0,1.0,Erling Haaland,95,5
2026-05-14 04:54:22,1778734462,SHAKIB SIR  S,DON,False,3,0,0,0,W,False,1.0,1.0,398.0,0.0,0.0,Erling Haaland,8,5
2026-05-14 03:41:59,1778730119,CHOWDHURY,CHY,True,1,4,0,0,L,False,1.0,1.0,1975.0,2.0,0.0,Kylian Mbappé,94,5
2026-05-13 12:44:00,1778676240,PROSOCCERGIANTS FC,PSG,False,2,3,0,0,L,False,3.0,2.0,3015.0,0.0,0.0,Kylian Mbappé,120,5
2026-05-13 11:46:52,1778672812,Dream FC,JSR,True,2,0,0,0,W,False,4.0,3.0,1969.0,2.0,0.0,Kylian Mbappé,92,5
2026-05-13 11:40:33,1778672433,Dream FC,JSR,True,0,1,0,0,L,False,0.0,0.0,2220.0,0.0,0.0,Jules Koundé,92,5
2026-05-13 06:24:11,1778653451,PROSOCCERGIANTS FC,PSG,True,3,1,0,0,W,False,4.0,3.0,2606.0,0.0,0.0,Kylian Mbappé,93,5
2026-05-13 06:18:52,1778653132,CAT  CHASTER,CAT,False,3,0,0,0,W,False,3.0,1.0,986.0,0.0,0.0,Kevin De Bruyne,30,5
2026-05-12 19:09:49,1778612989,PROSOCCERGIANTS FC,PSG,False,3,2,0,0,W,False,7.0,3.0,2801.0,2.0,1.0,Kylian Mbappé,121,5
2026-05-12 19:02:38,1778612558,PROSOCCERGIANTS FC,PSG,False,1,3,0,0,L,False,4.0,2.0,2457.0,1.0,1.0,Kylian Mbappé,93,5
2026-05-12 18:53:49,1778612029,PROSOCCERGIANTS FC,PSG,False,3,1,0,0,W,False,4.0,3.0,2333.0,0.0,1.0,Kevin De Bruyne,90,5
2026-05-12 14:59:09,1778597949,WOLET  PRIDE,WPT,False,1,0,0,0,W,False,3.0,1.0,2877.0,0.0,1.0,William Saliba,123,5
2026-05-12 14:52:37,1778597557,Dream FC,TAG,True,1,4,0,0,L,False,1.0,1.0,1166.0,0.0,0.0,Kylian Mbappé,45,5
2026-05-12 14:36:16,1778596576,ASTON VILLA FC,AFC,False,2,1,0,0,W,False,2.0,2.0,1984.0,0.0,0.0,Erling Haaland,92,6
2026-05-12 13:58:33,1778594313,ADMIN RAHIB,FBP,False,2,5,0,0,L,False,3.0,3.0,2310.0,0.0,0.0,Erling Haaland,90,6
2026-05-12 12:31:33,1778589093,THE DICTATOR,SHK,False,4,0,0,0,W,False,6.0,4.0,1690.0,1.0,0.0,Kylian Mbappé,75,6
2026-05-12 12:23:36,1778588616,MANCHESTER UNITED,MAU,True,2,1,0,0,W,False,5.0,2.0,2712.0,0.0,0.0,Erling Haaland,92,6
2026-05-12 09:44:11,1778579051,BANGLADESH,BAN,False,1,1,2,1,PW,True,2.0,2.0,3509.0,0.0,0.0,Virgil,120,6
2026-05-12 08:50:00,1778575800,BANGLADESH,BAN,False,0,1,0,0,L,False,3.0,2.0,2600.0,1.0,0.0,Federico Valverde,95,6
2026-05-12 07:20:16,1778570416,SOCIAL WIBE,WYB,False,3,2,0,0,W,False,8.0,5.0,4316.0,1.0,0.0,William Saliba,122,6
2026-05-12 06:30:28,1778567428,Dream FC,DRE,False,3,0,0,0,W,False,4.0,2.0,2171.0,3.0,1.0,N. Mendes,82,7
2026-05-12 04:59:17,1778561957,INDIA,KOL,False,3,0,0,0,W,False,6.0,6.0,2750.0,0.0,0.0,Erling Haaland,89,7
2026-05-12 04:57:24,1778561844,INTER MAYAVI,SHA,False,0,3,0,0,L,False,1.0,0.0,402.0,2.0,0.0,Kylian Mbappé,14,7
2026-05-11 19:49:54,1778528994,PROSOCCERGIANTS FC,PSG,True,2,0,0,0,W,False,6.0,3.0,2688.0,0.0,0.0,N. Mendes,91,7
2026-05-11 19:41:10,1778528470,PROSOCCERGIANTS FC,PSG,False,2,1,0,0,W,False,6.0,5.0,2239.0,1.0,3.0,Kevin De Bruyne,92,7
2026-05-11 19:32:18,1778527938,PROSOCCERGIANTS FC,PSG,True,0,1,0,0,L,False,7.0,3.0,2500.0,2.0,1.0,Erling Haaland,94,7
2026-05-11 19:11:22,1778526682,SUYIBU,SUY,False,0,1,0,0,L,False,0.0,0.0,1620.0,0.0,1.0,Kylian Mbappé,91,7
2026-05-11 17:54:14,1778522054,CITYFC,CIT,False,1,0,0,0,W,False,4.0,2.0,2892.0,0.0,1.0,Kevin De Bruyne,90,7
2026-05-11 17:44:48,1778521488,BD FC TOP,ARG,False,1,0,0,0,W,False,4.0,2.0,1860.0,0.0,1.0,Martin Ødegaard,94,7
2026-05-11 16:27:55,1778516875,PROSOCCERGIANTS FC,PSG,False,1,3,0,0,L,False,6.0,3.0,3162.0,0.0,0.0,Cristiano Ronaldo,124,7
2026-05-11 16:05:22,1778515522,Dream FC,ARG,True,2,2,0,0,D,False,3.0,2.0,2508.0,0.0,1.0,O. Dembélé,91,7
2026-05-11 15:57:12,1778515032,BRAZIL,BRA,False,1,1,0,0,D,False,5.0,2.0,2402.0,1.0,1.0,Igor Thiago,92,7
2026-05-11 15:36:37,1778513797,SANI,SAN,False,1,0,0,0,W,False,3.0,2.0,2170.0,1.0,1.0,Erling Haaland,91,7
2026-05-11 11:26:20,1778498780,PROSOCCERGIANTS FC,PSG,True,2,1,0,0,W,False,7.0,3.0,3414.0,0.0,0.0,Kylian Mbappé,120,7
2026-05-11 08:11:05,1778487065,AL-ZAWRAA.,ZAW,True,1,0,0,0,W,False,2.0,2.0,2416.0,0.0,2.0,A.Becker,91,7
2026-05-11 06:31:28,1778481088,KAWSAR  FC,AMK,True,2,3,0,0,L,False,3.0,2.0,2389.0,0.0,0.0,Kylian Mbappé,92,7
2026-05-11 06:22:50,1778480570,BANGLA MADRID,BRA,False,0,0,0,0,D,False,0.0,0.0,1551.0,0.0,2.0,Gabriel Magalhães,93,7
2026-05-11 06:20:47,1778480447,JHARKHAND HERO FC,DVM,True,0,3,0,0,L,False,0.0,0.0,345.0,0.0,0.0,Kevin De Bruyne,19,7
2026-05-10 07:07:12,1778396832,Dream FC,HTT,False,2,2,0,0,D,False,4.0,2.0,2061.0,2.0,1.0,Erling Haaland,92,7
2026-05-10 06:50:40,1778395840,Dream FC,KAM,False,4,1,0,0,W,False,3.0,3.0,2123.0,0.0,0.0,Erling Haaland,87,7
2026-05-10 06:40:00,1778395200,FC  BARCELONA,SHA,True,3,1,0,0,W,False,7.0,3.0,2401.0,1.0,0.0,Kylian Mbappé,91,7
2026-05-09 17:11:08,1778346668,ARBRA,BAR,True,1,1,0,0,D,False,2.0,1.0,2058.0,1.0,0.0,Jules Koundé,91,7
2026-05-09 15:35:40,1778340940,BANGLADESH,BAN,True,1,2,0,0,L,False,2.0,1.0,1906.0,0.0,0.0,Kylian Mbappé,90,7
2026-05-09 12:51:09,1778331069,Dream FC,MLS,True,1,4,0,0,L,False,4.0,2.0,1746.0,2.0,0.0,Kylian Mbappé,70,7
2026-05-09 05:30:40,1778304640,LOOOOOOSER,LSR,False,3,0,0,0,W,False,0.0,0.0,235.0,0.0,0.0,Kevin De Bruyne,3,7
2026-05-09 02:35:31,1778294131,FC BARCELONA,FCB,True,1,1,0,0,D,False,2.0,1.0,1236.0,0.0,1.0,B. Fernandes,99,7
2026-05-08 18:55:31,1778266531,PROSOCCERGIANTS FC,PSG,False,3,0,0,0,W,False,5.0,3.0,2180.0,0.0,2.0,Kylian Mbappé,93,7
2026-05-08 18:36:49,1778265409,Dream FC,RAM,True,0,3,0,0,L,False,0.0,0.0,1094.0,2.0,0.0,Nick Woltemade,67,7
2026-05-08 18:29:37,1778264977,BRAZIL CNFIRM WIN,BRA,True,2,1,0,0,W,False,4.0,3.0,2428.0,0.0,1.0,Erling Haaland,91,7
2026-05-08 17:38:51,1778261931,Dream FC,NPL,False,4,1,0,0,W,False,7.0,2.0,2425.0,2.0,0.0,Kylian Mbappé,90,7
2026-05-08 17:31:00,1778261460,MO SALAH,MO,False,0,3,0,0,L,False,1.0,0.0,405.0,0.0,0.0,Erling Haaland,21,6
2026-05-08 11:36:55,1778240215,JMWB CITY,JMB,True,1,1,0,0,D,False,3.0,2.0,2338.0,0.0,0.0,Kylian Mbappé,97,6
2026-05-08 09:06:30,1778231190,PROSOCCERGIANTS FC,PSG,True,2,3,0,0,L,False,7.0,3.0,3453.0,1.0,1.0,Kevin De Bruyne,121,6
2026-05-08 09:00:25,1778230825,PROSOCCERGIANTS FC,PSG,True,2,0,0,0,W,False,6.0,4.0,2319.0,0.0,0.0,Erling Haaland,92,6
2026-05-08 08:52:40,1778230360,PROSOCCERGIANTS FC,PSG,False,4,0,0,0,W,False,8.0,4.0,2298.0,0.0,1.0,Erling Haaland,91,6
2026-05-08 08:45:45,1778229945,PROSOCCERGIANTS FC,PSG,True,1,2,0,0,L,False,8.0,3.0,2377.0,1.0,1.0,Harry Kane,92,6
2026-05-08 08:39:35,1778229575,PROSOCCERGIANTS FC,PSG,False,0,1,0,0,L,False,4.0,1.0,2500.0,0.0,0.0,Kevin De Bruyne,91,6
2026-05-08 07:43:35,1778226215,SYLHET UNITED FC,SYL,False,1,5,0,0,L,False,4.0,4.0,2076.0,0.0,1.0,Bukayo Saka,93,6
2026-05-08 06:06:01,1778220361,Dream FC,DRE,False,3,0,0,0,W,False,5.0,4.0,1991.0,0.0,0.0,O. Dembélé,86,6
2026-05-08 04:01:32,1778212892,AFA,KHA,True,0,3,0,0,L,False,0.0,0.0,188.0,0.0,0.0,William Saliba,5,6
2026-05-07 16:40:42,1778172042,NUMBER SEVEN,SEV,True,0,2,0,0,L,False,0.0,0.0,2320.0,0.0,1.0,Michael Olise,91,5
2026-05-07 14:56:37,1778165797,PROSOCCERGIANTS FC,PSG,False,1,2,0,0,L,False,3.0,1.0,2301.0,0.0,1.0,Kylian Mbappé,94,5
2026-05-07 14:50:26,1778165426,PROSOCCERGIANTS FC,PSG,False,0,1,0,0,L,False,4.0,2.0,2529.0,0.0,1.0,Virgil,92,5
2026-05-07 14:37:37,1778164657,PROSOCCERGIANTS FC,PSG,False,1,2,0,0,L,False,5.0,1.0,3785.0,3.0,1.0,M. Salah,122,5
2026-05-07 14:27:00,1778164020,PROSOCCERGIANTS FC,PSG,False,1,0,0,0,W,False,4.0,1.0,2800.0,2.0,0.0,Erling Haaland,122,5
2026-05-07 13:02:30,1778158950,TYLLI,TYL,False,0,2,0,0,L,False,0.0,0.0,2016.0,0.0,0.0,William Saliba,91,5
2026-05-07 11:06:46,1778152006,PROSOCCERGIANTS FC,PSG,False,3,0,0,0,W,False,5.0,2.0,2496.0,0.0,0.0,Kylian Mbappé,90,5
2026-05-07 10:42:58,1778150578,PROSOCCERGIANTS FC,PSG,False,4,1,0,0,W,False,5.0,4.0,2306.0,0.0,0.0,Erling Haaland,90,5
2026-05-07 10:29:01,1778149741,PROSOCCERGIANTS FC,PSG,False,1,3,0,0,L,False,2.0,1.0,2048.0,0.0,1.0,Kylian Mbappé,91,5
2026-05-07 10:18:20,1778149100,BENGAL  JR   FC,AFA,False,4,1,0,0,W,False,2.0,0.0,939.0,1.0,0.0,Erling Haaland,45,5
2026-05-07 05:01:50,1778130110,FRIEND FOOTBALL CLAB,FFC,True,3,0,0,0,W,False,1.0,1.0,473.0,0.0,0.0,Kylian Mbappé,12,5
2026-05-07 03:01:42,1778122902,ARGENTINA KING,AFA,False,1,4,0,0,L,False,2.0,2.0,1715.0,0.0,1.0,Vinícius Júnior,69,5
2026-05-06 19:08:29,1778094509,PROSOCCERGIANTS FC,PSG,True,1,1,1,2,PL,True,6.0,4.0,3259.0,0.0,0.0,Kylian Mbappé,121,5
2026-05-06 19:01:33,1778094093,PROSOCCERGIANTS FC,PSG,True,1,2,0,0,L,False,2.0,2.0,2282.0,0.0,1.0,Kylian Mbappé,91,5
2026-05-06 18:53:37,1778093617,PROSOCCERGIANTS FC,PSG,True,3,2,0,0,W,False,4.0,3.0,1995.0,0.0,1.0,Kylian Mbappé,93,5
2026-05-06 18:44:50,1778093090,KITTY FC,RTS,False,0,1,0,0,L,False,3.0,1.0,1861.0,1.0,0.0,Minjae,93,5
2026-05-06 18:06:47,1778090807,SAGA FC,SAG,True,2,2,0,0,D,False,10.0,4.0,1899.0,1.0,2.0,Vinícius Júnior,92,5
2026-05-06 17:58:29,1778090309,MR. EXCEPTIONAL,NOR,True,1,0,0,0,W,False,1.0,1.0,2028.0,0.0,1.0,Virgil,91,5
2026-05-06 17:48:47,1778089727,ARGENTINA,AFA,True,4,1,0,0,W,False,5.0,2.0,2229.0,2.0,0.0,Erling Haaland,90,6
2026-05-06 11:11:25,1778065885,PROSOCCERGIANTS FC,PSG,True,0,1,0,0,L,False,3.0,1.0,2147.0,2.0,1.0,Kylian Mbappé,94,6
2026-05-06 11:03:21,1778065401,PROSOCCERGIANTS FC,PSG,True,2,1,0,0,W,False,3.0,2.0,2099.0,0.0,0.0,Erling Haaland,91,6
2026-05-06 08:25:33,1778055933,BANGLADESH,BFF,True,3,0,0,0,W,False,5.0,3.0,2121.0,1.0,0.0,Kylian Mbappé,92,6
2026-05-06 07:43:41,1778053421,MOMINS,MIN,True,0,2,0,0,L,False,5.0,0.0,1785.0,2.0,1.0,Erling Haaland,91,6
2026-05-06 04:40:59,1778042459,R MADRID,MAD,False,5,2,0,0,W,False,6.0,4.0,2021.0,0.0,0.0,Erling Haaland,87,6
2026-05-06 03:25:40,1778037940,PRSI,PRS,False,4,1,0,0,W,False,4.0,4.0,1851.0,0.0,0.0,Kylian Mbappé,55,6
2026-05-05 17:45:43,1778003143,HARISH,HAR,False,3,1,0,0,W,False,7.0,3.0,2478.0,1.0,0.0,Erling Haaland,92,6
2026-05-05 16:01:32,1777996892,KINGFISHER POTKA,RAJ,False,1,0,0,0,W,False,1.0,1.0,1535.0,0.0,0.0,A.Becker,91,6
2026-05-05 07:47:56,1777967276,PSG,PSG,True,3,2,0,0,W,False,7.0,3.0,2285.0,3.0,0.0,Kylian Mbappé,95,6
2026-05-05 07:39:01,1777966741,COXS BAZAR,COX,True,2,1,0,0,W,False,3.0,2.0,1845.0,0.0,1.0,Viktor Gyökeres,92,6
2026-05-05 06:37:42,1777963062,ATK,ATK,False,2,3,0,0,L,False,3.0,3.0,2443.0,0.0,0.0,Erling Haaland,90,6
2026-05-05 06:03:33,1777961013,Dream FC,NTK,False,1,2,0,0,L,False,4.0,1.0,2542.0,0.0,1.0,Cristiano Ronaldo,90,6
2026-05-05 05:58:57,1777960737,NEPAL,NPL,False,3,0,0,0,W,False,0.0,0.0,463.0,2.0,0.0,A.Becker,23,6
2026-05-05 03:58:28,1777953508,BANGLADESH,FCB,False,4,2,0,0,W,False,4.0,4.0,2122.0,0.0,0.0,Kylian Mbappé,93,6
2026-05-05 03:53:40,1777953220,Dream FC,TSX,True,2,0,0,0,W,False,3.0,2.0,1081.0,0.0,0.0,Antonio Rüdiger,45,7
2026-05-04 18:15:53,1777918553,Dream FC,HTG,True,0,3,0,0,L,False,0.0,0.0,816.0,0.0,0.0,Ángel Di María,40,7
2026-05-04 17:26:18,1777915578,MORPHILA,MPH,False,1,1,0,0,D,False,6.0,3.0,2629.0,0.0,0.0,Kylian Mbappé,93,7
2026-05-04 17:22:51,1777915371,MUSTAKIM,MFC,True,3,0,0,0,W,False,2.0,1.0,603.0,0.0,0.0,William Saliba,14,7
2026-05-04 17:14:35,1777914875,Dream FC,JFC,False,2,1,0,0,W,False,5.0,2.0,2248.0,0.0,1.0,Erling Haaland,92,7
2026-05-04 17:10:21,1777914621,REAL MADRID,RMB,False,1,0,0,0,W,False,1.0,1.0,1289.0,0.0,0.0,Hakan Çalhanoğlu,55,7
2026-05-04 17:07:13,1777914433,Dream FC,DRE,False,3,0,0,0,W,False,1.0,1.0,587.0,0.0,0.0,Erling Haaland,31,7
2026-05-04 16:19:35,1777911575,ARGENTINA,AFA,False,2,1,0,0,W,False,3.0,2.0,2010.0,0.0,0.0,N. Mendes,96,7
2026-05-04 15:35:52,1777908952,9330099798,933,True,1,1,0,0,D,False,3.0,2.0,2029.0,0.0,1.0,Erling Haaland,92,7
2026-05-04 14:14:04,1777904044,INDIA,IND,False,1,1,0,0,D,False,1.0,1.0,1858.0,0.0,0.0,Achraf Hakimi,92,7
2026-05-04 13:20:32,1777900832,RTIANG FC,FC9,True,0,2,0,0,L,False,3.0,1.0,2096.0,5.0,0.0,Emiliano Martínez,91,7
2026-05-04 12:30:54,1777897854,SYLHET JALA FC,SYL,True,3,0,0,0,W,False,2.0,1.0,1942.0,0.0,0.0,Carlos Valderrama,90,7
2026-05-04 12:01:04,1777896064,BANGLADESH,BAN,False,2,0,0,0,W,False,4.0,3.0,911.0,1.0,0.0,Erling Haaland,45,7
2026-05-04 10:44:44,1777891484,Dream FC,JON,True,0,1,0,0,L,False,3.0,1.0,1762.0,2.0,0.0,Virgil,91,7
2026-05-04 10:22:57,1777890177,REAL MADRID,RMD,True,2,2,0,0,D,False,2.0,2.0,1916.0,0.0,0.0,Kylian Mbappé,93,7
2026-05-04 10:13:08,1777889588,NETHERLANDS,NET,False,3,0,0,0,W,False,8.0,4.0,2183.0,1.0,0.0,Kylian Mbappé,84,8
2026-05-04 09:48:23,1777888103,REAL MADRID,RMA,True,2,2,0,0,D,False,9.0,4.0,2318.0,3.0,0.0,Erling Haaland,95,8
2026-05-04 09:44:42,1777887882,BRAZIL,CBF,False,3,0,0,0,W,False,1.0,1.0,511.0,0.0,0.0,Bukayo Saka,27,8
2026-05-04 08:54:59,1777884899,BANGLADESH,BAN,True,1,1,0,0,D,False,2.0,1.0,1931.0,0.0,0.0,Erling Haaland,91,8
2026-05-04 08:52:43,1777884763,AL-HILAL,HIL,True,3,0,0,0,W,False,1.0,1.0,423.0,0.0,0.0,Virgil,14,8
2026-05-04 06:33:39,1777876419,SPEED11,SPE,False,3,1,0,0,W,False,6.0,3.0,2463.0,1.0,0.0,Erling Haaland,97,8
2026-05-04 06:22:20,1777875740,BESKAR,BES,False,4,1,0,0,W,False,4.0,3.0,2201.0,0.0,0.0,Kylian Mbappé,90,8
2026-05-04 06:08:16,1777874896,ABDULLAH,BOS,False,2,1,0,0,W,False,3.0,3.0,2217.0,0.0,0.0,Jude Bellingham,91,8
2026-05-04 04:42:10,1777869730,ANDIASAHI FC,AND,True,4,1,0,0,W,False,5.0,2.0,2028.0,1.0,1.0,Erling Haaland,90,9
2026-05-03 20:36:47,1777840607,Dream FC,IKA,False,4,1,0,0,W,False,3.0,2.0,1843.0,0.0,2.0,Erling Haaland,90,9
2026-05-03 19:41:21,1777837281,LAAL HOLOOD,ESB,False,2,0,0,0,W,False,3.0,2.0,1914.0,2.0,1.0,Kylian Mbappé,93,9
2026-05-03 18:09:32,1777831772,MISBAH SPORTING CLUB,IDS,True,1,1,0,0,D,False,2.0,1.0,1298.0,0.0,1.0,Raphinha,92,9
2026-05-03 17:57:44,1777831064,Dream FC,123,False,3,1,0,0,W,False,6.0,5.0,2531.0,0.0,1.0,Kylian Mbappé,90,9
2026-05-03 17:47:59,1777830479,5SIFAT VAI,5SI,True,3,1,0,0,W,False,9.0,4.0,2351.0,0.0,0.0,Erling Haaland,94,9
2026-05-03 15:06:16,1777820776,BEYONDER,SIU,False,0,2,0,0,L,False,4.0,1.0,2614.0,2.0,0.0,Vinícius Júnior,93,9
2026-05-03 12:40:18,1777812018,Dream FC,CTG,True,0,2,0,0,L,False,0.0,0.0,1282.0,0.0,1.0,Lionel Messi,91,9
2026-05-03 12:32:09,1777811529,KADAYADI  FC,KFC,True,2,0,0,0,W,False,5.0,4.0,1851.0,0.0,0.0,Erling Haaland,91,9
2026-05-03 11:05:45,1777806345,MANCHESTER CITY,SHA,False,1,2,0,0,L,False,4.0,1.0,2192.0,1.0,0.0,Kevin De Bruyne,90,8
2026-05-03 09:09:17,1777799357,JEET RM,JIT,True,1,2,0,0,L,False,6.0,4.0,2397.0,2.0,0.0,Lionel Messi,90,8
2026-05-03 08:10:47,1777795847,MKJNO,OPO,True,1,0,0,0,W,False,2.0,1.0,1606.0,0.0,0.0,Souffian El Karouani,91,8
2026-05-03 08:06:20,1777795580,REAL MADRID,RMA,False,3,0,0,0,W,False,1.0,1.0,1284.0,0.0,0.0,Erling Haaland,44,8
2026-05-03 04:32:58,1777782778,SUJON,SUJ,True,1,2,0,0,L,False,1.0,1.0,1667.0,1.0,1.0,Erling Haaland,91,8
2026-05-02 19:30:35,1777750235,REAL YEMENI,RYC,False,3,3,0,0,D,False,5.0,4.0,2849.0,0.0,0.0,Kylian Mbappé,95,8
2026-05-02 19:19:22,1777749562,BARCA,BAR,False,0,2,0,0,L,False,1.0,1.0,2210.0,0.0,0.0,J. Alvarez,91,8
2026-05-02 17:59:08,1777744748,KASHMIR FC,KAS,True,1,2,0,0,L,False,3.0,1.0,1939.0,0.0,0.0,Virgil,96,8
2026-05-02 16:50:36,1777740636,BD ARMY FC,ARM,False,1,2,0,0,L,False,2.0,2.0,2130.0,0.0,0.0,Jude Bellingham,94,8
2026-05-02 16:21:35,1777738895,KMKJN,KMK,True,0,0,0,0,D,False,5.0,0.0,2249.0,1.0,1.0,Antonio Rüdiger,92,8
2026-05-02 16:14:49,1777738489,Dream FC,DRE,False,4,1,0,0,W,False,3.0,2.0,1879.0,1.0,0.0,Kylian Mbappé,69,8
2026-05-02 13:58:42,1777730322,FRANCE,FRA,True,5,2,0,0,W,False,4.0,2.0,1754.0,0.0,1.0,Erling Haaland,66,8
2026-05-02 06:01:50,1777701710,DISCIPLINARY COMMITTEE,NKT,False,1,1,0,0,D,False,4.0,2.0,2466.0,1.0,0.0,Erling Haaland,95,8
2026-05-02 04:37:23,1777696643,BANGLADESH TIGHER,BAN,True,1,1,0,0,D,False,4.0,1.0,1958.0,0.0,2.0,Erling Haaland,90,8
2026-05-02 04:21:31,1777695691,Dream FC,AMF,False,1,1,0,0,D,False,4.0,2.0,1705.0,2.0,0.0,Lionel Messi,91,8
2026-05-01 21:11:36,1777669896,TILAL  YMEN,AAA,True,0,1,0,0,L,False,3.0,1.0,2485.0,0.0,0.0,William Saliba,91,7
2026-05-01 19:05:44,1777662344,KENYA ONE,CHE,False,1,2,0,0,L,False,3.0,1.0,1138.0,1.0,0.0,Gabriel Magalhães,91,7
2026-05-01 18:55:48,1777661748,Dream FC,SAM,True,0,4,0,0,L,False,2.0,1.0,2226.0,2.0,4.0,Lionel Messi,90,7
2026-05-01 17:42:40,1777657360,BARCARGENTINA,LEO,False,3,3,0,0,D,False,3.0,3.0,1967.0,1.0,0.0,Lionel Messi,91,7
2026-05-01 17:22:54,1777656174,MANCHESTER CITY FC,MAN,False,2,1,0,0,W,False,4.0,2.0,2012.0,1.0,0.0,Kylian Mbappé,90,7
2026-05-01 13:28:57,1777642137,STARS,STR,True,3,0,0,0,W,False,3.0,1.0,1590.0,0.0,0.0,Virgil,69,7
2026-05-01 13:20:43,1777641643,SEFALI,TEA,False,3,2,0,0,W,False,5.0,3.0,2112.0,0.0,1.0,Erling Haaland,93,7
2026-05-01 12:15:33,1777637733,PROSOCCERGIANTS FC,PSG,False,1,2,0,0,L,False,4.0,2.0,2625.0,1.0,0.0,Kylian Mbappé,94,7
2026-05-01 12:09:03,1777637343,PROSOCCERGIANTS FC,PSG,False,2,0,0,0,W,False,2.0,2.0,2622.0,0.0,0.0,William Saliba,92,7
2026-05-01 11:59:35,1777636775,PROSOCCERGIANTS FC,PSG,True,0,1,0,0,L,False,6.0,3.0,2261.0,3.0,0.0,E. Militão,92,7
2026-05-01 11:53:50,1777636430,PROSOCCERGIANTS FC,PSG,False,7,4,0,0,W,False,3.0,1.0,1729.0,2.0,0.0,Erling Haaland,75,7
2026-05-01 11:12:32,1777633952,DAGI,DAG,False,1,4,0,0,L,False,2.0,2.0,2288.0,0.0,1.0,O. Dembélé,95,7
2026-05-01 08:59:02,1777625942,KING BALUSHI,KIN,True,1,3,0,0,L,False,2.0,1.0,2301.0,0.0,0.0,Cristiano Ronaldo,92,8
2026-05-01 08:56:15,1777625775,ALHILAL,ALH,False,3,0,0,0,W,False,3.0,3.0,801.0,0.0,0.0,Kylian Mbappé,19,8
2026-05-01 08:14:12,1777623252,WIN KARADO PLEASE,IND,True,4,1,0,0,W,False,7.0,3.0,1121.0,0.0,0.0,Alexander Isak,31,8
2026-05-01 06:39:37,1777617577,Dream FC,MIA,False,2,1,0,0,W,False,10.0,5.0,2360.0,1.0,0.0,Kylian Mbappé,94,8
2026-05-01 06:32:51,1777617171,Dream FC,DRE,False,1,0,0,0,W,False,3.0,2.0,2396.0,1.0,0.0,William Saliba,92,8
2026-05-01 05:34:15,1777613655,BIRAJ FC,RMA,True,0,3,0,0,L,False,2.0,0.0,1645.0,0.0,0.0,Antonio Rüdiger,93,8
2026-05-01 04:50:48,1777611048,BANGLADESH,BAN,True,0,1,0,0,L,False,4.0,1.0,1695.0,0.0,1.0,Jude Bellingham,90,8
2026-05-01 04:46:40,1777610800,GOD,GOD,False,3,0,0,0,W,False,4.0,4.0,951.0,0.0,0.0,Kylian Mbappé,42,8
2026-04-30 18:31:55,1777573915,FC PARGOYRA,FCP,False,1,3,0,0,L,False,9.0,2.0,2409.0,4.0,0.0,B. Barcola,94,7
2026-04-30 18:23:31,1777573411,BRASIL,BAR,True,4,2,0,0,W,False,10.0,4.0,2230.0,3.0,0.0,Kylian Mbappé,90,7
2026-04-30 18:18:22,1777573102,REAL MARDRID,REA,False,2,5,0,0,L,False,5.0,3.0,955.0,1.0,0.0,Erling Haaland,36,7
2026-04-30 15:51:36,1777564296,LIVERPOOL FC,LIV,True,0,0,0,0,D,False,5.0,0.0,2147.0,1.0,0.0,Ibrahima Konaté,92,7
2026-04-30 15:42:01,1777563721,CHELSEA,CHE,False,0,1,0,0,L,False,3.0,1.0,1884.0,0.0,1.0,Virgil,93,7
2026-04-30 11:54:51,1777550091,PROSOCCERGIANTS FC,PSG,True,0,8,0,0,L,False,0.0,0.0,2463.0,0.0,0.0,Kylian Mbappé,90,7
2026-04-30 11:43:29,1777549409,PROSOCCERGIANTS FC,PSG,False,0,1,0,0,L,False,5.0,2.0,2757.0,0.0,0.0,Federico Valverde,121,7
2026-04-30 11:30:36,1777548636,PROSOCCERGIANTS FC,PSG,False,3,4,0,0,L,False,8.0,5.0,2624.0,3.0,1.0,Kylian Mbappé,121,7
2026-04-30 11:20:10,1777548010,PROSOCCERGIANTS FC,PSG,True,2,2,3,2,PW,True,4.0,2.0,2355.0,2.0,0.0,Kylian Mbappé,121,7
2026-04-30 08:57:33,1777539453,BANGLADESH,BAN,True,3,2,0,0,W,False,9.0,5.0,2075.0,2.0,0.0,Erling Haaland,98,7
2026-04-30 06:59:01,1777532341,MOHAN BAGAN SUPER GAINTS,MBG,True,1,3,0,0,L,False,5.0,1.0,1758.0,0.0,0.0,Erling Haaland,91,7
2026-04-29 20:06:46,1777493206,PROSOCCERGIANTS FC,PSG,True,4,1,0,0,W,False,6.0,3.0,2343.0,2.0,0.0,Kylian Mbappé,90,7
2026-04-29 19:59:42,1777492782,PROSOCCERGIANTS FC,PSG,False,2,1,0,0,W,False,6.0,4.0,2405.0,0.0,0.0,Erling Haaland,92,7
2026-04-29 19:53:35,1777492415,PROSOCCERGIANTS FC,PSG,True,1,3,0,0,L,False,3.0,3.0,2244.0,0.0,0.0,Erling Haaland,91,7
2026-04-29 19:04:52,1777489492,PROSOCCERGIANTS FC,PSG,False,1,2,0,0,L,False,4.0,2.0,2431.0,0.0,1.0,Erling Haaland,97,7
2026-04-29 18:57:53,1777489073,PROSOCCERGIANTS FC,PSG,True,0,3,0,0,L,False,4.0,2.0,1989.0,0.0,0.0,Antonio Rüdiger,93,7
2026-04-29 18:48:37,1777488517,PROSOCCERGIANTS FC,PSG,True,2,1,0,0,W,False,3.0,2.0,3320.0,0.0,1.0,Kylian Mbappé,121,7
2026-04-29 17:33:47,1777484027,FARIDA,FAR,False,4,1,0,0,W,False,7.0,4.0,2939.0,3.0,1.0,Erling Haaland,90,7
2026-04-29 11:41:20,1777462880,HABIB FC,HAB,True,1,1,0,0,D,False,3.0,1.0,1377.0,2.0,0.0,Jude Bellingham,91,6
2026-04-29 11:31:49,1777462309,RA  FC CLUB,ARC,False,1,4,0,0,L,False,4.0,2.0,1992.0,0.0,2.0,M. Salah,90,6
2026-04-29 11:23:44,1777461824,BARCELONA,FCZ,True,2,3,0,0,L,False,5.0,2.0,2661.0,2.0,0.0,Vinícius Júnior,94,6
2026-04-29 11:22:00,1777461720,1SD,1SD,False,3,0,0,0,W,False,1.0,1.0,369.0,0.0,0.0,Kylian Mbappé,7,6
2026-04-29 11:13:56,1777461236,Dream FC,TTR,True,0,4,0,0,L,False,1.0,0.0,1696.0,1.0,0.0,Virgil,93,6
2026-04-29 08:57:48,1777453068,6291117671,629,True,1,2,0,0,L,False,7.0,4.0,2624.0,2.0,3.0,Federico Valverde,90,6
2026-04-29 08:48:41,1777452521,REAL MADRID  FC,RMF,True,2,1,0,0,W,False,6.0,3.0,2477.0,0.0,1.0,Kylian Mbappé,95,6
2026-04-29 07:56:26,1777449386,ATLETICO DE KOLKATA,ATK,False,0,3,0,0,L,False,1.0,1.0,2766.0,0.0,1.0,Vinícius Júnior,90,6
2026-04-29 05:23:57,1777440237,Dream FC,OFF,False,3,0,0,0,W,False,3.0,2.0,2875.0,0.0,0.0,Erling Haaland,90,6
2026-04-28 19:55:33,1777406133,PROSOCCERGIANTS FC,PSG,False,0,3,0,0,L,False,1.0,1.0,2311.0,0.0,1.0,Antonio Rüdiger,92,6
2026-04-28 19:48:41,1777405721,PROSOCCERGIANTS FC,PSG,False,1,2,0,0,L,False,4.0,2.0,2626.0,0.0,0.0,Kylian Mbappé,91,6
2026-04-28 19:42:06,1777405326,PROSOCCERGIANTS FC,PSG,False,2,1,0,0,W,False,6.0,4.0,2383.0,0.0,0.0,Kylian Mbappé,91,6
2026-04-28 19:39:04,1777405144,PROSOCCERGIANTS FC,PSG,True,3,0,0,0,W,False,0.0,0.0,988.0,0.0,0.0,Antonio Rüdiger,35,6
2026-04-28 17:54:01,1777398841,CRYSTAL PALACE FC,CPL,False,0,0,0,0,D,False,2.0,1.0,2039.0,2.0,2.0,William Saliba,96,6
2026-04-28 17:49:32,1777398572,OLD GENARATION,OLD,True,2,0,0,0,W,False,2.0,2.0,867.0,0.0,0.0,Kylian Mbappé,45,6
2026-04-28 13:46:46,1777384006,FGB BANGLADESH,FGB,False,3,0,0,0,W,False,3.0,1.0,1289.0,2.0,0.0,Rodrigo,45,6
2026-04-28 13:12:02,1777381922,Dream FC,HAR,False,0,2,0,0,L,False,2.0,1.0,2213.0,0.0,1.0,Lionel Messi,93,6
2026-04-28 12:15:47,1777378547,KURDISTAN,KUR,True,3,0,0,0,W,False,1.0,1.0,282.0,0.0,0.0,Erling Haaland,6,6
2026-04-27 19:20:56,1777317656,FC BARCELONA,FC ,False,3,2,0,0,W,False,5.0,3.0,2378.0,1.0,0.0,Kylian Mbappé,94,6
2026-04-27 19:11:21,1777317081,MOHUN BAGAN SUPER GIANTS,MHB,False,2,2,0,0,D,False,3.0,2.0,1849.0,0.0,0.0,Kylian Mbappé,92,6
2026-04-27 18:20:55,1777314055,JOY BANGLA,BAN,True,1,1,0,0,D,False,1.0,1.0,2069.0,0.0,0.0,Lionel Messi,90,6
2026-04-27 18:19:01,1777313941,LEGEND NEVER DIE,SRK,False,3,0,0,0,W,False,0.0,0.0,329.0,0.0,0.0,Pedri,7,6
2026-04-27 17:40:57,1777311657,RCB,RCB,True,0,3,0,0,L,False,1.0,0.0,1671.0,0.0,0.0,Antonio Rüdiger,92,6
2026-04-27 17:35:38,1777311338,LYNGDOH FC,LFC,False,2,0,0,0,W,False,4.0,2.0,2777.0,0.0,0.0,Federico Valverde,73,6
2026-04-27 16:28:38,1777307318,MANCHESTER UNITED,MNU,True,2,3,0,0,L,False,3.0,2.0,2337.0,0.0,0.0,O. Dembélé,91,6
2026-04-27 14:10:54,1777299054,MD SHAKIL   FC,BOS,True,2,3,0,0,L,False,2.0,2.0,1782.0,0.0,1.0,Erling Haaland,94,6
2026-04-27 14:01:00,1777298460,Dream FC,MIA,True,4,4,0,0,D,False,8.0,4.0,2724.0,2.0,0.0,Kylian Mbappé,91,6
2026-04-27 13:51:26,1777297886,NEPAL FC,NFC,True,2,2,0,0,D,False,3.0,2.0,2361.0,0.0,1.0,Neymar Jr.,90,6
2026-04-27 13:03:07,1777294987,RIFAT FC,RIF,False,3,0,0,0,W,False,5.0,1.0,1966.0,2.0,0.0,Erling Haaland,76,6
2026-04-27 11:06:42,1777288002,UNITED VNR,JNR,False,0,2,0,0,L,False,1.0,1.0,2255.0,0.0,2.0,Rodrigo,94,5
2026-04-27 11:04:06,1777287846,SANJID HASAN LIEON,SHL,False,4,1,0,0,W,False,0.0,0.0,405.0,0.0,0.0,Kylian Mbappé,12,5
2026-04-27 10:56:04,1777287364,REAL MADRID,REA,True,1,2,0,0,L,False,8.0,1.0,1838.0,6.0,1.0,Kylian Mbappé,94,5
2026-04-27 07:53:57,1777276437,BRASIL,CBF,True,0,2,0,0,L,False,0.0,0.0,1664.0,0.0,0.0,N. Mendes,90,5
2026-04-27 06:46:27,1777272387,AFC,AFC,False,1,2,0,0,L,False,3.0,2.0,2177.0,0.0,3.0,Federico Valverde,91,5
2026-04-27 05:21:45,1777267305,FC BARCELONA,BAR,True,0,3,0,0,L,False,1.0,1.0,1803.0,0.0,0.0,Erling Haaland,77,5
2026-04-27 05:05:13,1777266313,BANGLADESH,BAN,False,0,3,0,0,L,False,0.0,0.0,0.0,0.0,0.0,Kevin De Bruyne,5,5
2026-04-27 04:53:24,1777265604,BD BOSS,BDB,False,3,3,0,0,D,False,6.0,3.0,2517.0,4.0,0.0,Kylian Mbappé,98,5
2026-04-26 21:04:57,1777237497,R FC,RFC,False,0,2,0,0,L,False,3.0,1.0,1530.0,0.0,2.0,Alexander Isak,93,6
2026-04-26 20:57:53,1777237073,Dream FC,WOR,True,0,1,0,0,L,False,2.0,1.0,2271.0,0.0,0.0,Lisandro Martínez,94,6
2026-04-26 20:55:18,1777236918,Dream FC,DRE,True,3,0,0,0,W,False,2.0,1.0,424.0,0.0,0.0,Erling Haaland,21,6
2026-04-26 20:47:44,1777236464,Dream FC,LOL,False,2,0,0,0,W,False,3.0,3.0,2184.0,0.0,0.0,Kylian Mbappé,93,6
2026-04-26 20:46:34,1777236394,RASED,RAS,False,3,0,0,0,W,False,1.0,0.0,361.0,1.0,0.0,William Saliba,6,6
2026-04-26 20:28:21,1777235301,ARGENTANA,ARG,False,3,3,0,0,D,False,8.0,3.0,2466.0,1.0,1.0,Gabriel Batistuta,96,6
2026-04-26 20:19:52,1777234792,BRAAAAAZILLLL,BUR,True,1,0,0,0,W,False,5.0,1.0,2401.0,3.0,0.0,Virgil,91,6
2026-04-26 19:29:05,1777231745,CR7,CR7,False,1,4,0,0,L,False,2.0,2.0,1737.0,0.0,0.0,Kylian Mbappé,89,6
2026-04-26 19:20:46,1777231246,AFA,AFA,True,2,1,0,0,W,False,6.0,3.0,2090.0,0.0,1.0,O. Dembélé,92,6
2026-04-26 19:13:48,1777230828,PROSOCCERGIANTS FC,PSG,False,0,2,0,0,L,False,5.0,0.0,2349.0,3.0,1.0,Antonio Rüdiger,94,6
2026-04-26 19:08:33,1777230513,PROSOCCERGIANTS FC,PSG,False,0,1,0,0,L,False,2.0,1.0,1966.0,0.0,0.0,William Saliba,91,6
2026-04-26 19:01:32,1777230092,PROSOCCERGIANTS FC,PSG,True,1,2,0,0,L,False,3.0,2.0,1764.0,4.0,0.0,Erling Haaland,91,6
2026-04-26 18:12:50,1777227170,ITACI UCHIA,ITA,False,2,2,0,0,D,False,3.0,3.0,1902.0,0.0,0.0,Kylian Mbappé,94,6
2026-04-26 18:00:13,1777226413,ARGE NTI NA,AFA,False,3,2,0,0,W,False,5.0,3.0,2995.0,0.0,0.0,Kylian Mbappé,97,6
2026-04-26 17:44:16,1777225456,ARGENTINA,AFA,False,3,0,0,0,W,False,1.0,1.0,631.0,0.0,0.0,Erling Haaland,21,6
2026-04-26 14:48:22,1777214902,REAL MADRID FC,RMD,True,4,2,0,0,W,False,4.0,4.0,2630.0,0.0,0.0,Kylian Mbappé,90,6
2026-04-26 09:07:08,1777194428,AH CLUB,AHC,False,0,1,0,0,L,False,1.0,1.0,1530.0,0.0,0.0,Alessandro Bastoni,94,6
2026-04-26 08:57:00,1777193820,MADRID  FC,RMA,False,5,2,0,0,W,False,5.0,4.0,1767.0,1.0,0.0,Erling Haaland,90,6
2026-04-26 06:37:05,1777185425,VQSSN,LIS,True,1,2,0,0,L,False,2.0,1.0,2252.0,0.0,1.0,Raphinha,94,6
2026-04-26 05:51:29,1777182689,BANGLADESH,BAN,True,0,3,0,0,L,False,3.0,1.0,2095.0,2.0,0.0,O. Dembélé,92,6
2026-04-25 21:36:10,1777152970,BANGLADESH,BAN,False,1,2,0,0,L,False,3.0,2.0,1689.0,0.0,4.0,Lautaro,93,6
2026-04-25 21:27:39,1777152459,Dream FC,TEA,True,1,0,0,0,W,False,3.0,2.0,1679.0,0.0,0.0,Sergio Ramos,91,7
2026-04-25 21:20:07,1777152007,PARIS SAINT GERMAIN,PSG,True,0,1,0,0,L,False,3.0,1.0,2144.0,2.0,0.0,Trent,90,7
2026-04-25 21:11:04,1777151464,REAL MADRID CF,RMD,False,0,2,0,0,L,False,2.0,0.0,1817.0,1.0,1.0,Gabriel Magalhães,90,7
2026-04-25 21:02:38,1777150958,LOST FROM LIGHT FC,LOS,True,5,2,0,0,W,False,8.0,6.0,2430.0,0.0,1.0,Erling Haaland,90,7
2026-04-25 20:56:43,1777150603,ARGENTINA,ARG,False,4,1,0,0,W,False,3.0,3.0,1559.0,0.0,0.0,Erling Haaland,66,7
2026-04-25 19:18:17,1777144697,FC BARCELONA,FCB,True,0,4,0,0,L,False,3.0,1.0,2369.0,1.0,0.0,Kylian Mbappé,90,7
2026-04-25 19:10:27,1777144227,Dream FC,INT,True,2,2,0,0,D,False,6.0,3.0,2450.0,3.0,0.0,Kylian Mbappé,92,7
2026-04-25 19:05:21,1777143921,Dream FC,NAN,True,4,0,0,0,W,False,5.0,4.0,1621.0,0.0,0.0,Kylian Mbappé,61,7
2026-04-25 19:03:32,1777143812,REAL MADRID,RMA,False,3,0,0,0,W,False,0.0,0.0,148.0,0.0,0.0,Raphinha,7,7
2026-04-25 16:42:46,1777135366,Dream FC,AMS,False,2,2,0,0,D,False,4.0,2.0,2221.0,2.0,2.0,Erling Haaland,91,6
2026-04-25 13:23:32,1777123412,BRAZIL,BRA,False,2,3,0,0,L,False,5.0,3.0,2309.0,2.0,0.0,Erling Haaland,92,6
2026-04-25 13:15:36,1777122936,MANCHESTER UNITED,MAN,True,1,1,0,0,D,False,5.0,1.0,2468.0,1.0,1.0,Kylian Mbappé,93,6
2026-04-25 07:27:13,1777102033,01823754527 WP,RMA,False,2,3,0,0,L,False,2.0,2.0,2043.0,0.0,0.0,Kylian Mbappé,90,6
2026-04-25 05:59:36,1777096776,PSIM 1996,ASU,True,3,0,0,0,W,False,5.0,2.0,2126.0,0.0,1.0,Erling Haaland,80,6
2026-04-24 19:50:52,1777060252,PROSOCCERGIANTS FC,PSG,False,2,2,3,4,PL,True,5.0,2.0,2362.0,0.0,0.0,Kylian Mbappé,123,6
2026-04-24 19:44:09,1777059849,PROSOCCERGIANTS FC,PSG,False,0,2,0,0,L,False,6.0,3.0,2014.0,0.0,0.0,Antonio Rüdiger,91,6
2026-04-24 19:37:17,1777059437,PROSOCCERGIANTS FC,PSG,False,1,3,0,0,L,False,2.0,1.0,2009.0,0.0,1.0,Kylian Mbappé,91,6
2026-04-24 19:24:16,1777058656,PROSOCCERGIANTS FC,PSG,False,0,1,0,0,L,False,4.0,2.0,2120.0,2.0,0.0,E. Militão,90,6
2026-04-24 19:17:22,1777058242,PROSOCCERGIANTS FC,PSG,False,1,3,0,0,L,False,6.0,4.0,2033.0,3.0,0.0,Rodrigo,92,6
2026-04-24 19:11:19,1777057879,PROSOCCERGIANTS FC,PSG,True,1,0,0,0,W,False,4.0,2.0,2187.0,0.0,0.0,Kylian Mbappé,90,6
2026-04-24 18:51:13,1777056673,LALBAGH BOYS FC,LBF,False,3,0,0,0,W,False,5.0,2.0,1346.0,1.0,0.0,Erling Haaland,45,6
2026-04-24 18:38:08,1777055888,BANGLADESH,BFF,True,1,2,0,0,L,False,1.0,1.0,1554.0,0.0,1.0,Federico Valverde,93,6
2026-04-24 18:04:09,1777053849,HUNTER XI,JFC,False,0,4,0,0,L,False,2.0,0.0,1877.0,1.0,1.0,Rafa Leão,90,6
2026-04-24 16:16:18,1777047378,COMEBACK,CMB,True,5,2,0,0,W,False,4.0,2.0,1332.0,2.0,0.0,Kylian Mbappé,74,6
2026-04-24 16:10:36,1777047036,UNITY SPORTS CLUB,UNI,False,6,3,0,0,W,False,1.0,1.0,1285.0,0.0,0.0,Kylian Mbappé,49,7
2026-04-24 13:23:21,1777037001,PROSOCCERGIANTS FC,PSG,False,2,0,0,0,W,False,5.0,3.0,2106.0,0.0,0.0,Kylian Mbappé,90,7
2026-04-24 13:22:12,1777036932,PROSOCCERGIANTS FC,PSG,False,3,0,0,0,W,False,0.0,0.0,229.0,0.0,0.0,Achraf Hakimi,6,7
2026-04-24 11:46:38,1777031198,PROSOCCERGIANTS FC,PSG,True,1,4,0,0,L,False,8.0,3.0,3247.0,3.0,0.0,Kylian Mbappé,122,7
2026-04-24 11:44:20,1777031060,PROSOCCERGIANTS FC,PSG,False,3,0,0,0,W,False,1.0,0.0,549.0,1.0,0.0,Jude Bellingham,21,7
2026-04-24 11:37:47,1777030667,PROSOCCERGIANTS FC,PSG,True,2,4,0,0,L,False,3.0,2.0,2009.0,0.0,0.0,Kylian Mbappé,91,7
2026-04-24 11:31:39,1777030299,PROSOCCERGIANTS FC,PSG,True,0,2,0,0,L,False,2.0,0.0,2205.0,1.0,0.0,Virgil,91,7
2026-04-24 11:27:13,1777030033,PROSOCCERGIANTS FC,PSG,True,0,3,0,0,L,False,1.0,0.0,1181.0,0.0,0.0,Kylian Mbappé,49,7
2026-04-24 08:30:04,1777019404,RS SPOTING CLUB,RSC,True,0,1,0,0,L,False,5.0,1.0,2671.0,3.0,0.0,Virgil,94,7
2026-04-23 20:31:32,1776976292,HSASAN,OAL,True,0,4,0,0,L,False,4.0,1.0,2064.0,1.0,0.0,Erling Haaland,96,7
2026-04-23 20:17:38,1776975458,PROSOCCERGIANTS FC,PSG,True,2,3,0,0,L,False,5.0,3.0,2906.0,1.0,1.0,Kylian Mbappé,120,7
2026-04-23 20:02:01,1776974521,PROSOCCERGIANTS FC,PSG,False,0,2,0,0,L,False,1.0,0.0,1889.0,2.0,1.0,Antonio Rüdiger,98,7
2026-04-23 19:54:15,1776974055,PROSOCCERGIANTS FC,PSG,False,1,0,0,0,W,False,2.0,1.0,1991.0,0.0,2.0,Kylian Mbappé,95,7
2026-04-23 19:46:35,1776973595,PROSOCCERGIANTS FC,PSG,True,0,1,0,0,L,False,1.0,0.0,2564.0,0.0,1.0,Antonio Rüdiger,91,7
2026-04-23 19:35:52,1776972952,PROSOCCERGIANTS FC,PSG,False,3,2,0,0,W,False,7.0,3.0,3160.0,1.0,1.0,Erling Haaland,121,7
2026-04-23 19:28:19,1776972499,PROSOCCERGIANTS FC,PSG,True,0,1,0,0,L,False,6.0,3.0,2048.0,1.0,0.0,Antonio Rüdiger,91,7
2026-04-23 19:20:27,1776972027,PROSOCCERGIANTS FC,PSG,False,2,3,0,0,L,False,6.0,3.0,2586.0,3.0,1.0,Kylian Mbappé,92,7
2026-04-23 19:14:26,1776971666,PROSOCCERGIANTS FC,PSG,True,2,1,0,0,W,False,2.0,2.0,2647.0,0.0,0.0,Kylian Mbappé,93,7
2026-04-23 19:02:25,1776970945,PROSOCCERGIANTS FC,PSG,False,0,2,0,0,L,False,2.0,0.0,2092.0,0.0,0.0,Erling Haaland,91,7
2026-04-23 19:00:46,1776970846,PROSOCCERGIANTS FC,PSG,False,3,0,0,0,W,False,1.0,0.0,475.0,0.0,0.0,Kevin De Bruyne,18,7
2026-04-23 08:32:34,1776933154,ATK MOHON BAGAN,ATK,True,3,1,0,0,W,False,4.0,3.0,2500.0,0.0,0.0,Erling Haaland,90,7
2026-04-23 07:59:09,1776931149,PROSOCCERGIANTS FC,PSG,False,0,3,0,0,L,False,1.0,0.0,2315.0,0.0,0.0,Erling Haaland,93,7
2026-04-23 07:53:08,1776930788,PROSOCCERGIANTS FC,PSG,True,1,0,0,0,W,False,3.0,1.0,1987.0,0.0,0.0,Kylian Mbappé,90,7
2026-04-22 19:38:28,1776886708,PROSOCCERGIANTS FC,PSG,False,2,3,0,0,L,False,5.0,3.0,2315.0,1.0,2.0,Erling Haaland,95,7
2026-04-22 19:31:23,1776886283,PROSOCCERGIANTS FC,PSG,True,2,1,0,0,W,False,8.0,5.0,2550.0,1.0,0.0,Kylian Mbappé,92,7
2026-04-22 19:23:55,1776885835,PROSOCCERGIANTS FC,PSG,True,1,4,0,0,L,False,4.0,3.0,2471.0,0.0,1.0,Kylian Mbappé,97,7
2026-04-22 19:16:06,1776885366,PROSOCCERGIANTS FC,PSG,False,0,3,0,0,L,False,2.0,0.0,2010.0,0.0,0.0,Kylian Mbappé,92,7
2026-04-22 19:04:57,1776884697,PROSOCCERGIANTS FC,PSG,True,4,2,0,0,W,False,12.0,6.0,3492.0,4.0,1.0,Kylian Mbappé,121,7
2026-04-22 18:57:24,1776884244,PROSOCCERGIANTS FC,PSG,True,0,1,0,0,L,False,4.0,0.0,1915.0,1.0,1.0,Kylian Mbappé,92,7
2026-04-22 17:11:54,1776877914,PROSOCCERGIANTS FC,PSG,True,0,0,2,3,PL,True,1.0,0.0,2547.0,1.0,0.0,Antonio Rüdiger,120,7
2026-04-22 17:03:18,1776877398,INDIA,IND,True,4,1,0,0,W,False,4.0,2.0,2537.0,1.0,0.0,Erling Haaland,90,7
2026-04-22 16:47:13,1776876433,JIBON FC,JFC,True,4,1,0,0,W,False,5.0,3.0,2503.0,1.0,0.0,O. Dembélé,90,7
2026-04-22 16:36:28,1776875788,DALU KAKA,DAL,True,1,1,0,0,D,False,3.0,2.0,2293.0,0.0,0.0,O. Dembélé,93,7
2026-04-22 10:45:32,1776854732,PROSOCCERGIANTS FC,PSG,False,4,3,0,0,W,False,5.0,4.0,3230.0,0.0,2.0,Erling Haaland,123,7
2026-04-22 10:39:11,1776854351,PROSOCCERGIANTS FC,PSG,True,0,2,0,0,L,False,4.0,1.0,1882.0,0.0,0.0,Kylian Mbappé,90,7
2026-04-22 08:07:29,1776845249,PROSOCCERGIANTS FC,PSG,True,0,2,0,0,L,False,0.0,0.0,2008.0,0.0,0.0,Erling Haaland,91,7
2026-04-22 07:54:53,1776844493,PROSOCCERGIANTS FC,PSG,False,3,2,0,0,W,False,4.0,4.0,3087.0,0.0,1.0,Erling Haaland,121,7
2026-04-22 07:17:17,1776842237,BAYZID SUPER EXPRESS,BAY,True,3,2,0,0,W,False,4.0,4.0,2004.0,0.0,2.0,Kylian Mbappé,94,7
2026-04-22 07:07:39,1776841659,Dream FC,DRM,True,2,4,0,0,L,False,2.0,2.0,2271.0,0.0,0.0,Kylian Mbappé,94,7
2026-04-22 03:34:57,1776828897,SUNDERBAN FOREST,SBF,False,1,3,0,0,L,False,1.0,1.0,2081.0,0.0,1.0,Vitinha,92,7
2026-04-22 03:21:29,1776828089,SHAIQ UKZEROFIVE,SHA,False,1,1,0,0,D,False,2.0,1.0,2699.0,0.0,1.0,Victor Osimhen,95,7
2026-04-22 03:11:47,1776827507,Dream FC,DKD,True,5,2,0,0,W,False,4.0,3.0,2246.0,0.0,2.0,Erling Haaland,90,7
2026-04-22 03:07:19,1776827239,Dream FC,FCB,True,3,0,0,0,W,False,4.0,2.0,1072.0,2.0,0.0,Erling Haaland,36,7
2026-04-21 18:40:22,1776796822,PROSOCCERGIANTS FC,PSG,False,3,0,0,0,W,False,3.0,2.0,1444.0,2.0,1.0,William Saliba,59,7
2026-04-21 14:19:03,1776781143,Dream FC,FLC,False,0,3,0,0,L,False,2.0,0.0,439.0,2.0,0.0,Unai Simón,19,7
2026-04-21 12:34:46,1776774886,PROSOCCERGIANTS FC,PSG,True,1,0,0,0,W,False,2.0,2.0,2498.0,0.0,1.0,E. Militão,120,7
2026-04-21 11:13:26,1776770006,PROSOCCERGIANTS FC,PSG,False,1,0,0,0,W,False,7.0,1.0,3118.0,4.0,0.0,Antonio Rüdiger,121,7
2026-04-21 10:39:37,1776767977,PROSOCCERGIANTS FC,PSG,False,1,2,0,0,L,False,2.0,1.0,3072.0,0.0,0.0,Federico Valverde,120,7
2026-04-21 09:37:43,1776764263,PROSOCCERGIANTS FC,PSG,False,0,3,0,0,L,False,2.0,2.0,2284.0,0.0,1.0,Kylian Mbappé,93,7
2026-04-21 09:27:53,1776763673,PROSOCCERGIANTS FC,PSG,False,3,2,0,0,W,False,4.0,3.0,3418.0,0.0,0.0,M. Salah,127,7
2026-04-21 09:17:40,1776763060,PROSOCCERGIANTS FC,PSG,True,4,1,0,0,W,False,4.0,4.0,2892.0,0.0,0.0,William Saliba,93,7
2026-04-21 09:09:31,1776762571,PROSOCCERGIANTS FC,PSG,True,3,2,0,0,W,False,5.0,4.0,2875.0,2.0,0.0,Kylian Mbappé,92,7
2026-04-21 08:20:01,1776759601,PROSOCCERGIANTS FC,PSG,False,1,1,3,4,PL,True,4.0,1.0,3318.0,1.0,0.0,Antonio Rüdiger,122,7
2026-04-21 06:06:36,1776751596,INDIA,IND,False,4,1,0,0,W,False,2.0,1.0,2099.0,1.0,0.0,Virgil,67,7
2026-04-21 06:04:08,1776751448,EFAT,CBC,False,3,0,0,0,W,False,3.0,1.0,644.0,2.0,0.0,Erling Haaland,19,7
2026-04-21 04:53:24,1776747204,SOLIDERITY BOYS,SOL,False,1,1,0,0,D,False,3.0,1.0,1885.0,0.0,0.0,F. de Jong,96,7
2026-04-21 04:11:34,1776744694,IMMORTAL BEING,EVE,False,3,0,0,0,W,False,2.0,1.0,2357.0,1.0,0.0,Raphinha,90,7
2026-04-20 19:43:34,1776714214,PROSOCCERGIANTS FC,PSG,False,3,0,0,0,W,False,4.0,3.0,2338.0,0.0,1.0,Kylian Mbappé,91,7
2026-04-20 19:34:39,1776713679,PROSOCCERGIANTS FC,PSG,False,4,1,0,0,W,False,5.0,4.0,2054.0,0.0,0.0,Erling Haaland,95,7
2026-04-20 19:27:46,1776713266,PROSOCCERGIANTS FC,PSG,True,1,3,0,0,L,False,3.0,1.0,1894.0,2.0,1.0,Kevin De Bruyne,92,7
2026-04-20 10:25:43,1776680743,PROSOCCERGIANTS FC,PSG,False,1,2,0,0,L,False,5.0,1.0,3068.0,2.0,0.0,Kevin De Bruyne,120,7
2026-04-20 10:19:12,1776680352,PROSOCCERGIANTS FC,PSG,False,1,2,0,0,L,False,3.0,2.0,1930.0,0.0,0.0,Kylian Mbappé,91,7
2026-04-20 10:15:08,1776680108,PROSOCCERGIANTS FC,PSG,True,0,3,0,0,L,False,0.0,0.0,226.0,0.0,0.0,Kylian Mbappé,7,7
2026-04-20 04:51:16,1776660676,CTG BANGLADESH FC,BAN,False,2,0,0,0,W,False,2.0,2.0,2132.0,0.0,1.0,Kylian Mbappé,92,7
2026-04-20 03:32:00,1776655920,ODISHA FC,ODI,False,1,3,0,0,L,False,5.0,2.0,1764.0,5.0,0.0,Antoine Griezmann,91,7
2026-04-19 19:50:24,1776628224,LIVERPOOL FC KENYA,LIV,False,3,2,0,0,W,False,4.0,3.0,2363.0,0.0,0.0,Kylian Mbappé,92,7
2026-04-19 19:38:17,1776627497,DEATH,RIP,True,1,2,0,0,L,False,1.0,1.0,1691.0,0.0,0.0,Kylian Mbappé,91,7
2026-04-19 19:11:44,1776625904,Dream FC,MSC,False,0,1,0,0,L,False,3.0,2.0,1873.0,0.0,0.0,Achraf Hakimi,94,7
2026-04-19 19:05:27,1776625527,MANCHESTER CITY,MNC,True,3,0,0,0,W,False,3.0,1.0,2285.0,0.0,0.0,Kevin De Bruyne,90,7
2026-04-19 17:45:56,1776620756,RL FC,LAX,False,2,1,0,0,W,False,4.0,2.0,2678.0,2.0,0.0,Erling Haaland,91,8
2026-04-19 17:24:51,1776619491,DFFFD,DFF,True,2,2,0,0,D,False,4.0,3.0,2410.0,0.0,0.0,Kylian Mbappé,95,8
2026-04-19 08:11:36,1776586296,LUC,LUC,True,4,1,0,0,W,False,2.0,2.0,2535.0,0.0,0.0,Erling Haaland,90,8
2026-04-15 18:43:41,1776278621,AL ASRI,AL,True,2,1,0,0,W,False,5.0,3.0,2084.0,1.0,0.0,Erling Haaland,92,8
2026-04-15 18:36:00,1776278160,BARCELONA,BAR,True,1,1,0,0,D,False,1.0,1.0,2155.0,0.0,0.0,Rivaldo,91,8
2026-04-15 17:47:51,1776275271,SUMATRA TIGER,TIG,False,0,3,0,0,L,False,0.0,0.0,278.0,0.0,0.0,Raphinha,12,8
2026-04-15 17:39:49,1776274789,EYAD,EYA,False,3,1,0,0,W,False,5.0,3.0,2610.0,1.0,0.0,William Saliba,96,8
2026-04-14 16:42:19,1776184939,EMAD,EMA,False,1,2,0,0,L,False,4.0,1.0,2652.0,1.0,0.0,Karim Benzema,91,8
2026-04-14 16:36:16,1776184576,FATHIMA FC,FFC,True,0,1,0,0,L,False,0.0,0.0,1101.0,0.0,1.0,Virgil,93,8
2026-04-13 11:34:48,1776080088,Dream FC,HAR,False,2,5,0,0,L,False,3.0,2.0,2106.0,0.0,1.0,Kevin De Bruyne,80,8
2026-04-13 11:21:24,1776079284,ROBIN FC BD,RFD,True,4,1,0,0,W,False,4.0,2.0,1523.0,1.0,1.0,Kylian Mbappé,45,8
2026-04-13 10:53:31,1776077611,PROSOCCERGIANTS FC,PSG,True,0,2,0,0,L,False,0.0,0.0,2136.0,0.0,1.0,Kylian Mbappé,90,8
2026-04-13 09:47:16,1776073636,Dream FC,JSR,False,3,0,0,0,W,False,6.0,3.0,2566.0,2.0,0.0,Virgil,90,8
2026-04-13 09:40:46,1776073246,Dream FC,JSR,False,3,1,0,0,W,False,5.0,3.0,2444.0,0.0,0.0,Kylian Mbappé,91,8
2026-04-13 08:21:48,1776068508,BRASIL,BRA,True,2,2,0,0,D,False,4.0,2.0,2132.0,0.0,1.0,Erling Haaland,93,8
2026-04-13 07:32:43,1776065563,GERAX ELECTRICAL  FC,GER,True,1,2,0,0,L,False,2.0,2.0,2104.0,0.0,0.0,Lothar Matthäus,92,8
2026-04-13 07:24:23,1776065063,MOREAL,MOR,False,3,1,0,0,W,False,3.0,3.0,2575.0,0.0,0.0,Kylian Mbappé,94,8
2026-04-13 06:34:06,1776062046,Dream FC,STA,True,0,0,0,0,D,False,3.0,0.0,2208.0,3.0,2.0,Virgil,92,8
2026-04-13 05:57:33,1776059853,BARCALONA,FCB,False,1,2,0,0,L,False,5.0,3.0,1713.0,0.0,0.0,Gabriel Batistuta,91,9
2026-04-13 05:47:32,1776059252,PIYAL HASAN,OTR,False,3,1,0,0,W,False,6.0,3.0,2795.0,1.0,0.0,Kylian Mbappé,94,9
2026-04-13 03:50:45,1776052245,SANJOS,JOS,False,3,0,0,0,W,False,4.0,2.0,2305.0,2.0,0.0,Kylian Mbappé,90,9
2026-04-13 03:43:28,1776051808,WAZ,WAZ,False,4,1,0,0,W,False,2.0,2.0,2238.0,0.0,0.0,Kylian Mbappé,81,9
2026-04-12 18:13:05,1776017585,HEHHS,HEH,False,0,0,0,0,D,False,3.0,1.0,2006.0,0.0,0.0,William Saliba,94,9
2026-04-12 16:40:12,1776012012,Dream FC,DRE,True,0,2,0,0,L,False,3.0,1.0,2239.0,2.0,0.0,Bukayo Saka,91,9
2026-04-12 16:31:55,1776011515,BARALEKHA SUJANAGAR,TAR,True,3,0,0,0,W,False,11.0,5.0,2777.0,3.0,0.0,Kylian Mbappé,85,9
2026-04-11 04:44:55,1775882695,KERALA BLASTERS,KER,False,0,3,0,0,L,False,0.0,0.0,566.0,0.0,0.0,Vinícius Júnior,41,8
2026-04-10 19:12:24,1775848344,Dream FC,PAK,False,1,2,0,0,L,False,3.0,1.0,1270.0,0.0,0.0,Harry Kane,90,8
2026-04-10 19:01:48,1775847708,ARGENTINA,ARG,False,0,3,0,0,L,False,1.0,1.0,1385.0,0.0,0.0,Lionel Messi,91,8
2026-04-10 18:53:16,1775847196,SH SHAKIL,SHS,False,0,1,0,0,L,False,2.0,2.0,1609.0,0.0,1.0,Gianfranco Zola,92,8
2026-04-10 18:05:09,1775844309,MESSI GOAT,LMG,False,0,3,0,0,L,False,3.0,1.0,2013.0,1.0,0.0,Lamine Yamal,96,8
2026-04-10 14:13:25,1775830405,BARCELONA,BAR,False,2,2,0,0,D,False,2.0,2.0,2502.0,0.0,0.0,O. Dembélé,95,7
2026-04-10 13:17:06,1775827026,BANGLADESH,MCT,True,0,3,0,0,L,False,1.0,1.0,306.0,0.0,0.0,Jude Bellingham,28,7
2026-04-10 09:02:09,1775811729,BANGLADESH,BDK,False,0,3,0,0,L,False,0.0,0.0,629.0,0.0,0.0,Jude Bellingham,38,7
2026-04-10 08:01:25,1775808085,SIMBA SC,SSC,True,0,2,0,0,L,False,1.0,0.0,1745.0,2.0,0.0,William Saliba,99,7
2026-04-10 07:51:24,1775807484,BRAZIL,BRA,True,2,1,0,0,W,False,3.0,2.0,2486.0,2.0,0.0,Rodrigo,94,7
2026-04-10 05:26:33,1775798793,DOMINITIORS FC,DOM,True,3,0,0,0,W,False,1.0,1.0,349.0,0.0,0.0,Achraf Hakimi,14,8
2026-04-09 20:17:48,1775765868,PROSOCCERGIANTS FC,PSG,True,0,3,0,0,L,False,0.0,0.0,2058.0,0.0,0.0,Kylian Mbappé,93,8
2026-04-09 20:07:51,1775765271,PROSOCCERGIANTS FC,PSG,True,1,1,2,1,PW,True,5.0,2.0,3015.0,1.0,0.0,Kevin De Bruyne,120,8
2026-04-09 19:56:50,1775764610,PROSOCCERGIANTS FC,PSG,True,2,2,2,3,PL,True,5.0,4.0,3137.0,1.0,1.0,Kevin De Bruyne,120,8
2026-04-09 18:00:59,1775757659,FC  VELLILA,FCV,False,1,3,0,0,L,False,2.0,1.0,2350.0,0.0,0.0,Dennis Bergkamp,94,8
2026-04-09 14:35:37,1775745337,BENBEN FC,BEN,True,0,1,0,0,L,False,0.0,0.0,1174.0,0.0,0.0,Virgil,90,8
2026-04-09 13:19:47,1775740787,ANTIDOTE,ANT,True,4,1,0,0,W,False,2.0,2.0,2645.0,0.0,0.0,Erling Haaland,90,8
2026-04-09 11:54:35,1775735675,EAST BENGAL FC,EBF,False,1,0,0,0,W,False,1.0,1.0,1748.0,0.0,0.0,Francesco Acerbi,91,8
2026-04-09 10:16:57,1775729817,RAJSHAHI FC,RFC,False,3,2,0,0,W,False,0.0,0.0,1272.0,0.0,0.0,M. Salah,45,8
2026-04-09 06:59:02,1775717942,BANGIADESH,BAN,False,3,0,0,0,W,False,5.0,3.0,2162.0,0.0,0.0,Kylian Mbappé,87,8
2026-04-09 05:09:49,1775711389,REAL MADRID,REA,True,0,0,0,0,D,False,2.0,0.0,2275.0,0.0,0.0,Antonio Rüdiger,93,8
2026-04-08 15:11:23,1775661083,PROSOCCERGIANTS FC,PSG,True,1,2,0,0,L,False,5.0,1.0,1872.0,0.0,1.0,Federico Valverde,91,7
2026-04-08 15:05:36,1775660736,PROSOCCERGIANTS FC,PSG,True,0,2,0,0,L,False,0.0,0.0,2410.0,0.0,0.0,Kylian Mbappé,91,7
2026-04-08 14:11:03,1775657463,PROSOCCERGIANTS FC,PSG,True,0,4,0,0,L,False,1.0,0.0,1673.0,0.0,0.0,Erling Haaland,93,7
2026-04-08 14:03:01,1775656981,PROSOCCERGIANTS FC,PSG,True,2,1,0,0,W,False,3.0,2.0,1646.0,0.0,0.0,Kylian Mbappé,92,7
2026-04-08 13:27:36,1775654856,PROSOCCERGIANTS FC,PSG,True,2,1,0,0,W,False,2.0,2.0,3431.0,0.0,2.0,Kylian Mbappé,120,7
2026-04-08 10:31:29,1775644289,PROSOCCERGIANTS FC,PSG,True,3,0,0,0,W,False,3.0,1.0,1918.0,2.0,0.0,O. Dembélé,90,7
2026-04-08 10:23:27,1775643807,PROSOCCERGIANTS FC,PSG,True,2,3,0,0,L,False,4.0,2.0,2405.0,0.0,0.0,Kevin De Bruyne,92,7
2026-04-08 06:35:29,1775630129,PROSOCCERGIANTS FC,PSG,True,1,1,1,4,PL,True,2.0,1.0,2987.0,0.0,0.0,B. Fernandes,123,7
2026-04-08 06:28:38,1775629718,PROSOCCERGIANTS FC,PSG,True,0,2,0,0,L,False,2.0,0.0,2138.0,0.0,0.0,Erling Haaland,92,7
2026-04-07 19:55:56,1775591756,PROSOCCERGIANTS FC,PSG,True,4,1,0,0,W,False,2.0,1.0,3602.0,1.0,0.0,William Saliba,120,7
2026-04-07 19:37:17,1775590637,PROSOCCERGIANTS FC,PSG,True,0,1,0,0,L,False,5.0,1.0,2524.0,0.0,0.0,Vinícius Júnior,94,7
2026-04-07 19:27:47,1775590067,PROSOCCERGIANTS FC,PSG,True,1,1,3,1,PW,True,2.0,1.0,2936.0,0.0,0.0,Virgil,121,7
2026-04-07 19:14:15,1775589255,PROSOCCERGIANTS FC,PSG,True,0,1,0,0,L,False,4.0,2.0,2555.0,0.0,0.0,Virgil,92,7
2026-04-07 19:00:55,1775588455,PROSOCCERGIANTS FC,PSG,True,3,0,0,0,W,False,2.0,2.0,1564.0,0.0,0.0,William Saliba,64,7
2026-04-07 18:53:45,1775588025,PROSOCCERGIANTS FC,PSG,True,0,2,0,0,L,False,4.0,1.0,2506.0,0.0,0.0,Kylian Mbappé,90,7
2026-04-07 18:43:35,1775587415,PROSOCCERGIANTS FC,PSG,True,2,1,0,0,W,False,3.0,3.0,3693.0,0.0,0.0,Kylian Mbappé,123,7
2026-04-07 16:50:41,1775580641,R  C,SAL,False,0,3,0,0,L,False,1.0,1.0,1910.0,0.0,0.0,Lamine Yamal,90,7
2026-04-07 14:55:17,1775573717,SANTOS   SFC,CBF,True,1,4,0,0,L,False,3.0,1.0,2514.0,0.0,1.0,Erling Haaland,90,7
2026-04-07 12:14:23,1775564063,ONE FC,ONC,True,0,1,0,0,L,False,0.0,0.0,1624.0,0.0,0.0,Virgil,91,7
2026-04-07 12:05:32,1775563532,GALACTICO,GAL,False,0,1,0,0,L,False,2.0,1.0,2585.0,1.0,0.0,N. Mendes,93,7
2026-04-07 11:48:59,1775562539,DHAKA DIVISION,DVN,True,1,1,0,0,D,False,6.0,1.0,2090.0,2.0,2.0,A.Becker,99,7
2026-04-07 11:42:31,1775562151,KFC FC,KFC,False,4,1,0,0,W,False,3.0,2.0,1863.0,0.0,0.0,Kylian Mbappé,63,8
2026-04-07 11:27:20,1775561240,BANGLADESH,BAN,False,1,2,0,0,L,False,4.0,2.0,1900.0,3.0,0.0,Kylian Mbappé,93,8
2026-04-07 11:21:01,1775560861,ULTIMATE WARRIORS,ULT,True,3,0,0,0,W,False,4.0,4.0,1813.0,0.0,0.0,Kylian Mbappé,45,8
2026-04-07 11:17:15,1775560635,PHONG VIP LON,LOL,True,3,0,0,0,W,False,2.0,1.0,1354.0,0.0,0.0,Kylian Mbappé,54,8
2026-04-07 09:08:00,1775552880,AIRAIAN,AIR,False,1,1,0,0,D,False,4.0,1.0,2057.0,2.0,1.0,O. Dembélé,91,8
2026-04-07 09:00:52,1775552452,MHRK    IO,MHR,True,4,2,0,0,W,False,5.0,5.0,3205.0,1.0,0.0,Erling Haaland,90,8
2026-04-07 06:39:20,1775543960,BANGLADESH,BFF,True,2,3,0,0,L,False,3.0,3.0,2548.0,0.0,0.0,J. Alvarez,90,8
2026-04-07 06:30:44,1775543444,ABRAR  AYAN,AFA,True,2,1,0,0,W,False,2.0,2.0,2282.0,0.0,0.0,Kylian Mbappé,90,8
2026-04-07 06:24:13,1775543053,NIK FC,NIK,True,0,3,0,0,L,False,0.0,0.0,169.0,0.0,0.0,Thibaut Courtois,17,8
2026-04-06 19:51:06,1775505066,PROSOCCERGIANTS FC,PSG,True,1,3,0,0,L,False,2.0,1.0,2969.0,0.0,0.0,Kylian Mbappé,121,7
2026-04-06 19:43:34,1775504614,PROSOCCERGIANTS FC,PSG,True,0,3,0,0,L,False,2.0,0.0,2124.0,1.0,1.0,Antonio Rüdiger,95,7
2026-04-06 19:37:59,1775504279,PROSOCCERGIANTS FC,PSG,True,1,0,0,0,W,False,2.0,1.0,2236.0,0.0,0.0,Federico Valverde,90,7
2026-04-06 13:51:41,1775483501,PROSOCCERGIANTS FC,PSG,True,1,0,0,0,W,False,3.0,1.0,2561.0,0.0,0.0,Kylian Mbappé,90,7
2026-04-06 13:43:10,1775482990,PROSOCCERGIANTS FC,PSG,True,0,1,0,0,L,False,2.0,0.0,2433.0,1.0,0.0,William Saliba,91,7
2026-04-06 13:36:28,1775482588,PROSOCCERGIANTS FC,PSG,True,0,1,0,0,L,False,0.0,0.0,1801.0,0.0,1.0,Virgil,90,7
2026-04-06 13:25:38,1775481938,Dream FC,JSR,False,1,1,2,3,PL,True,4.0,3.0,3745.0,0.0,0.0,Erling Haaland,121,7
2026-04-06 13:19:01,1775481541,Dream FC,JSR,False,2,1,0,0,W,False,5.0,2.0,2281.0,0.0,0.0,Kylian Mbappé,91,7
2026-04-06 08:27:54,1775464074,SULBAR,SWB,False,0,1,0,0,L,False,3.0,3.0,2048.0,0.0,0.0,Antonio Rüdiger,91,7
2026-04-06 07:17:57,1775459877,JAGA,JAG,True,3,0,0,0,W,False,0.0,0.0,441.0,0.0,0.0,Kylian Mbappé,9,7
2026-04-06 06:00:22,1775455222,EMON,EMO,True,0,3,0,0,L,False,1.0,0.0,2470.0,0.0,1.0,Kylian Mbappé,90,7
2026-04-06 05:08:54,1775452134,PROSOCCERGIANTS FC,PSG,True,0,1,0,0,L,False,3.0,1.0,1786.0,0.0,0.0,Virgil,91,7
2026-04-06 04:54:21,1775451261,FCB BARCELONA,FCB,False,0,3,0,0,L,False,3.0,1.0,2757.0,2.0,0.0,William Saliba,91,7
2026-04-06 04:39:04,1775450344,Dream FC,JFC,False,1,4,0,0,L,False,2.0,1.0,2207.0,0.0,0.0,Emmanuel Petit,91,7
2026-04-06 03:28:01,1775446081,Dream FC,ALN,False,0,1,0,0,L,False,1.0,0.0,1878.0,3.0,0.0,Heungmin,91,8
2026-04-05 18:02:05,1775412125,Dream FC,HMM,False,3,0,0,0,W,False,5.0,3.0,2261.0,0.0,1.0,Kylian Mbappé,71,8
2026-04-05 17:59:18,1775411958,P  A  R  I  S   SG,PAR,False,3,0,0,0,W,False,2.0,2.0,1041.0,0.0,0.0,Erling Haaland,34,8
2026-04-05 12:05:44,1775390744,MANCHESTER UNITED,MEU,False,4,1,0,0,W,False,7.0,5.0,2590.0,0.0,0.0,Kylian Mbappé,91,8
2026-04-05 12:00:42,1775390442,Dream FC,DRE,True,4,1,0,0,W,False,2.0,2.0,885.0,0.0,0.0,Erling Haaland,45,8
2026-04-05 02:53:44,1775357624,BANGLADESH,BDJ,False,0,0,0,0,D,False,1.0,0.0,1607.0,0.0,2.0,A.Becker,101,8
2026-04-04 18:13:52,1775326432,INDIA,IND,False,0,5,0,0,L,False,3.0,0.0,1930.0,0.0,0.0,Luka Modrić,90,8
2026-04-04 18:05:16,1775325916,NIGERIA,NGA,False,3,2,0,0,W,False,4.0,3.0,2657.0,1.0,2.0,Kylian Mbappé,94,8
2026-04-04 17:20:18,1775323218,TAWHID AHMED,TAW,True,2,2,0,0,D,False,2.0,2.0,2495.0,0.0,0.0,Erling Haaland,91,8
2026-04-04 17:05:06,1775322306,NOAKHALI EXPRESS,ARA,True,2,1,0,0,W,False,5.0,4.0,2355.0,2.0,0.0,Erling Haaland,94,8
2026-04-04 14:16:15,1775312175,MANSA,MUS,False,0,4,0,0,L,False,2.0,0.0,2218.0,0.0,0.0,Erling Haaland,94,8
2026-04-04 14:15:02,1775312102,ALAIN,ALA,True,3,0,0,0,W,False,0.0,0.0,203.0,0.0,0.0,Rodrigo,4,8
2026-04-04 11:57:47,1775303867,FARHADI,FAR,False,0,0,0,0,D,False,4.0,0.0,2370.0,1.0,1.0,Tony Adams,95,8
2026-04-04 11:53:05,1775303585,BRAZIL,CBF,True,1,4,0,0,L,False,1.0,1.0,709.0,0.0,0.0,Raphinha,36,8
2026-04-04 11:49:14,1775303354,NAHID 11,BAN,True,4,1,0,0,W,False,3.0,3.0,806.0,0.0,0.0,Kylian Mbappé,29,8
2026-04-04 11:46:23,1775303183,KERALA BLASTERS,KER,False,1,4,0,0,L,False,1.0,1.0,949.0,1.0,0.0,Federico Valverde,33,8
2026-04-04 05:46:31,1775281591,THE VENOM,HAN,False,2,2,0,0,D,False,3.0,2.0,2083.0,0.0,0.0,Kylian Mbappé,98,8
2026-04-04 05:40:22,1775281222,ARGENTINA,ALI,True,1,1,0,0,D,False,1.0,1.0,1315.0,0.0,0.0,Erling Haaland,90,8
2026-04-04 05:34:33,1775280873,Dream FC,DEG,True,0,1,0,0,L,False,2.0,1.0,596.0,0.0,0.0,Emiliano Martínez,90,8
2026-04-03 13:08:36,1775221716,NORTHERNERS,NOR,False,1,4,0,0,L,False,2.0,1.0,1743.0,0.0,0.0,Neymar Jr.,94,8
2026-04-03 12:03:16,1775217796,BRSJWA,BRS,True,3,1,0,0,W,False,4.0,3.0,2400.0,0.0,0.0,Federico Valverde,90,8
2026-04-03 11:56:35,1775217395,BRAZIL,CBF,True,1,1,0,0,D,False,2.0,1.0,2668.0,0.0,0.0,Tony Adams,93,8
2026-04-03 11:46:02,1775216762,OOO,OOO,True,1,0,0,0,W,False,1.0,1.0,1654.0,0.0,0.0,Kylian Mbappé,91,8
2026-04-03 06:15:18,1775196918,PASYIH FC,PFC,True,2,1,0,0,W,False,4.0,3.0,2791.0,0.0,1.0,O. Dembélé,90,8
2026-04-03 05:09:09,1775192949,EDUZEE,EDZ,True,2,2,0,0,D,False,6.0,2.0,2546.0,2.0,0.0,O. Dembélé,91,8
2026-04-03 05:02:59,1775192579,ASBIN FC,AFC,True,0,3,0,0,L,False,0.0,0.0,2266.0,0.0,0.0,Erling Haaland,90,8
2026-04-02 19:15:42,1775157342,PROSOCCERGIANTS FC,PSG,True,2,4,0,0,L,False,6.0,3.0,2294.0,3.0,1.0,Cristiano Ronaldo,92,8
2026-04-02 19:08:15,1775156895,PROSOCCERGIANTS FC,PSG,True,4,3,0,0,W,False,4.0,4.0,1948.0,0.0,0.0,Kylian Mbappé,91,8
2026-04-02 19:01:45,1775156505,PROSOCCERGIANTS FC,PSG,True,1,0,0,0,W,False,3.0,3.0,2152.0,0.0,0.0,Virgil,94,8
2026-04-02 18:53:58,1775156038,PROSOCCERGIANTS FC,PSG,True,0,2,0,0,L,False,2.0,1.0,1875.0,0.0,1.0,Erling Haaland,95,8
2026-04-02 18:51:00,1775155860,PROSOCCERGIANTS FC,PSG,True,0,3,0,0,L,False,1.0,0.0,517.0,0.0,0.0,Erling Haaland,26,8
2026-04-02 18:42:52,1775155372,PROSOCCERGIANTS FC,PSG,True,1,3,0,0,L,False,2.0,1.0,1974.0,0.0,0.0,Erling Haaland,92,8
2026-04-02 15:37:19,1775144239,U MUST SURRENDER,RUN,True,0,1,0,0,L,False,0.0,0.0,2210.0,0.0,0.0,Jude Bellingham,91,7
2026-04-02 12:07:05,1775131625,Dream FC,DRE,True,1,2,0,0,L,False,6.0,2.0,2778.0,1.0,1.0,M. Salah,94,7
2026-04-02 09:05:24,1775120724,LONDON ABAHANI,LAB,False,0,3,0,0,L,False,3.0,0.0,2395.0,1.0,0.0,Micky van de Ven,93,7
2026-04-02 08:56:37,1775120197,NSFC,NSF,False,1,2,0,0,L,False,1.0,1.0,2434.0,0.0,0.0,Kylian Mbappé,93,7
2026-04-02 07:07:54,1775113674,PORTUGAL,POR,False,0,3,0,0,L,False,4.0,3.0,2238.0,0.0,1.0,Gianfranco Zola,92,7
2026-04-02 06:22:31,1775110951,BANGLADESH,HTH,False,4,1,0,0,W,False,7.0,3.0,2503.0,0.0,0.0,Kylian Mbappé,90,7
2026-04-01 20:15:55,1775074555,NAGAR FC,NAG,True,0,1,0,0,L,False,4.0,0.0,1623.0,1.0,1.0,William Saliba,93,8
2026-04-01 19:44:02,1775072642,PROSOCCERGIANTS FC,PSG,True,2,5,0,0,L,False,4.0,2.0,3049.0,2.0,0.0,Kylian Mbappé,120,8
2026-04-01 19:36:01,1775072161,PROSOCCERGIANTS FC,PSG,True,2,4,0,0,L,False,4.0,2.0,2071.0,2.0,1.0,Erling Haaland,93,8
2026-04-01 19:25:35,1775071535,PROSOCCERGIANTS FC,PSG,True,2,1,0,0,W,False,5.0,3.0,2914.0,1.0,0.0,Kylian Mbappé,121,8
2026-04-01 18:57:05,1775069825,PROSOCCERGIANTS FC,PSG,True,0,1,0,0,L,False,3.0,1.0,2024.0,2.0,0.0,Antonio Rüdiger,93,8
2026-04-01 18:47:17,1775069237,PROSOCCERGIANTS FC,PSG,True,3,4,0,0,L,False,4.0,3.0,2493.0,0.0,1.0,Kylian Mbappé,120,8
2026-04-01 18:41:02,1775068862,PROSOCCERGIANTS FC,PSG,True,1,3,0,0,L,False,2.0,1.0,2523.0,0.0,0.0,Erling Haaland,91,8
2026-04-01 18:21:21,1775067681,PROSOCCERGIANTS FC,PSG,True,5,2,0,0,W,False,6.0,5.0,3266.0,1.0,0.0,Erling Haaland,113,8
2026-04-01 17:21:34,1775064094,BENGALURU FC,BEN,False,0,1,0,0,L,False,4.0,0.0,3065.0,0.0,1.0,Erling Haaland,124,8
2026-04-01 15:57:50,1775059070,PAPICHULO,PAP,True,2,0,0,0,W,False,11.0,3.0,3053.0,1.0,0.0,Kylian Mbappé,87,8
2026-04-01 15:44:33,1775058273,SLT FOTBALL CLUB,SYC,True,0,6,0,0,L,False,1.0,0.0,1787.0,0.0,0.0,Kylian Mbappé,97,8
2026-04-01 12:51:36,1775047896,PROSOCCERGIANTS FC,PSG,True,0,3,0,0,L,False,0.0,0.0,2088.0,0.0,0.0,Erling Haaland,91,8
2026-04-01 12:47:56,1775047676,PROSOCCERGIANTS FC,PSG,True,0,3,0,0,L,False,2.0,2.0,1111.0,0.0,0.0,Erling Haaland,45,8
2026-04-01 12:25:49,1775046349,PROSOCCERGIANTS FC,PSG,True,0,3,0,0,L,False,3.0,1.0,2106.0,1.0,0.0,Erling Haaland,92,8
2026-04-01 12:18:16,1775045896,Dream FC,JSR,False,1,0,0,0,W,False,3.0,1.0,1865.0,0.0,1.0,Kylian Mbappé,90,8
2026-04-01 10:55:54,1775040954,Dream FC,JSR,False,4,1,0,0,W,False,13.0,8.0,2837.0,0.0,1.0,Kylian Mbappé,90,8
2026-04-01 10:47:58,1775040478,Dream FC,JSR,False,3,1,0,0,W,False,5.0,3.0,2080.0,1.0,0.0,Virgil,91,8
2026-04-01 10:19:42,1775038782,MANCHESTER CITY,MAN,True,0,3,0,0,L,False,0.0,0.0,637.0,0.0,1.0,Erling Haaland,23,8
2026-04-01 08:08:40,1775030920,KK DONE,KKD,False,3,1,0,0,W,False,5.0,3.0,1577.0,1.0,1.0,Kylian Mbappé,62,8
2026-04-01 07:29:34,1775028574,SALVI,69,True,0,3,0,0,L,False,8.0,3.0,2559.0,3.0,1.0,Thibaut Courtois,120,8
2026-04-01 06:55:00,1775026500,PROSOCCERGIANTS FC,PSG,True,1,1,4,3,PW,True,6.0,1.0,2494.0,0.0,2.0,Kylian Mbappé,121,8
2026-04-01 04:49:41,1775018981,FC GOA,GOA,True,1,0,0,0,W,False,3.0,2.0,2156.0,0.0,0.0,Virgil,92,8
2026-04-01 03:16:41,1775013401,REAL MADRID,REA,False,4,1,0,0,W,False,4.0,2.0,2546.0,1.0,0.0,Erling Haaland,90,8
2026-03-31 13:31:51,1774963911,JHARKHAND II,III,True,4,1,0,0,W,False,1.0,1.0,1818.0,1.0,1.0,Rodrigo,79,7
2026-03-31 12:06:46,1774958806,ARGENTINA FC,ARG,False,2,0,0,0,W,False,5.0,2.0,2277.0,2.0,0.0,Vinícius Júnior,91,7
2026-03-31 11:52:04,1774957924,+880 1703-541482HANJALA,DLS,False,0,3,0,0,L,False,2.0,0.0,1745.0,1.0,0.0,Virgil,83,7
2026-03-31 11:44:46,1774957486,BAR,BAR,False,0,1,0,0,L,False,0.0,0.0,1766.0,0.0,0.0,Kylian Mbappé,92,7
2026-03-31 11:36:21,1774956981,MY WHATSP CALL ME 01755776895,HIT,False,1,3,0,0,L,False,4.0,1.0,2244.0,2.0,0.0,Harry Kane,92,7
2026-03-31 08:35:49,1774946149,BANGLADESH,BAN,False,0,1,0,0,L,False,0.0,0.0,1081.0,0.0,0.0,Jude Bellingham,91,7
2026-03-31 08:27:05,1774945625,RAJSTHAN FC,RAJ,True,3,0,0,0,W,False,5.0,2.0,2614.0,2.0,0.0,Virgil,90,7
2026-03-31 07:56:41,1774943801,Dream FC,SII,True,1,1,4,2,PW,True,3.0,1.0,2425.0,0.0,1.0,Lamine Yamal,120,8
2026-03-31 07:49:56,1774943396,BANGLADESH,BAN,False,0,1,0,0,L,False,2.0,1.0,2398.0,0.0,0.0,Gabriel Magalhães,91,8
2026-03-31 07:41:29,1774942889,ANIK FC,AFC,True,0,2,0,0,L,False,2.0,0.0,1700.0,0.0,0.0,Virgil,94,8
2026-03-30 17:50:14,1774893014,Dream FC,CTG,False,1,2,0,0,L,False,4.0,1.0,1790.0,1.0,0.0,Cristiano Ronaldo,92,8
2026-03-30 17:24:18,1774891458,TIGERS,BNT,False,2,3,0,0,L,False,2.0,2.0,2164.0,0.0,0.0,Vinícius Júnior,92,8
2026-03-30 12:25:11,1774873511,PROSOCCERGIANTS FC,PSG,True,1,2,0,0,L,False,6.0,1.0,2399.0,3.0,0.0,Kylian Mbappé,92,8
2026-03-30 12:00:43,1774872043,PROSOCCERGIANTS FC,PSG,True,1,2,0,0,L,False,1.0,1.0,1872.0,0.0,0.0,Kevin De Bruyne,92,8
2026-03-30 11:52:00,1774871520,PROSOCCERGIANTS FC,PSG,True,1,2,0,0,L,False,4.0,3.0,2580.0,0.0,2.0,Kylian Mbappé,92,8
2026-03-30 08:35:14,1774859714,SABIR,SAB,True,3,0,0,0,W,False,4.0,2.0,2155.0,0.0,0.0,Erling Haaland,90,8
2026-03-30 07:26:24,1774855584,CHUNARGHAT,ASU,True,1,1,4,3,PW,True,4.0,2.0,2851.0,2.0,0.0,Kevin De Bruyne,120,9
2026-03-30 07:14:58,1774854898,Dream FC,DRE,True,2,1,0,0,W,False,3.0,2.0,2373.0,0.0,0.0,Kylian Mbappé,94,9
2026-03-30 07:07:29,1774854449,Dream FC,AL-,False,4,1,0,0,W,False,5.0,3.0,2724.0,0.0,1.0,Vinícius Júnior,85,9
2026-03-30 05:51:00,1774849860,Dream FC,CBF,True,0,4,0,0,L,False,3.0,0.0,2098.0,2.0,1.0,Declan Rice,90,9
2026-03-30 05:23:50,1774848230,KING WORLD,CBF,True,1,1,3,2,PW,True,3.0,2.0,2344.0,0.0,0.0,Raphinha,124,9
2026-03-30 05:18:13,1774847893,MYMENSINGH EMPIRE XI,MSI,False,3,0,0,0,W,False,2.0,2.0,796.0,0.0,0.0,Bryan Mbeumo,41,9
2026-03-30 05:17:14,1774847834,REYAL MADRID,DLS,False,3,0,0,0,W,False,1.0,0.0,346.0,0.0,0.0,Erling Haaland,7,10
2026-03-30 05:14:14,1774847654,VSS,VSS,True,3,0,0,0,W,False,0.0,0.0,208.0,0.0,1.0,Virgil,9,10
2026-03-29 18:46:57,1774810017,HATEM MOKHTAR,HAT,False,3,0,0,0,W,False,5.0,1.0,2055.0,2.0,0.0,Antonio Rüdiger,90,10
2026-03-29 18:37:26,1774809446,Dream FC,NSR,False,0,3,0,0,L,False,1.0,0.0,1366.0,0.0,2.0,M. Salah,100,10
2026-03-29 18:24:39,1774808679,Dream FC,DRE,True,0,0,3,2,PW,True,5.0,0.0,2192.0,1.0,1.0,Marc-Andre Ter Stegen,122,10
2026-03-29 18:17:19,1774808239,Dream FC,JAM,True,1,2,0,0,L,False,2.0,1.0,2162.0,0.0,1.0,T. Hernandez,90,10
2026-03-29 17:34:27,1774805667,(TIME OF TIK..FC) 512...!,!!!,False,0,5,0,0,L,False,2.0,1.0,1915.0,0.0,1.0,Erling Haaland,90,10
2026-03-29 17:15:43,1774804543,BANGLADESH,BAN,True,3,0,0,0,W,False,0.0,0.0,0.0,0.0,0.0,David Trezeguet,2,10
2026-03-29 17:11:48,1774804308,74.VAN HOA.MAN.UTD,MUN,False,1,4,0,0,L,False,1.0,1.0,526.0,0.0,6.0,Robert Lewandowski,34,10
2026-03-29 17:07:31,1774804051,BANGLADESH FC,BD,False,0,3,0,0,L,False,1.0,0.0,334.0,0.0,0.0,Jude Bellingham,28,10
2026-03-29 12:37:21,1774787841,BANGLADESH,BAN,False,1,1,2,3,PL,True,8.0,1.0,2572.0,4.0,0.0,Antonio Rüdiger,120,10
2026-03-29 12:35:49,1774787749,Dream FC,HTT,False,3,0,0,0,W,False,0.0,0.0,109.0,0.0,0.0,Antonio Rüdiger,8,10
2026-03-29 12:27:42,1774787262,NEWCASTLE,NEW,False,3,0,0,0,W,False,4.0,3.0,2615.0,0.0,1.0,A.Becker,90,10
2026-03-28 17:55:58,1774720558,MENCITY,SSL,True,3,1,0,0,W,False,8.0,4.0,2288.0,1.0,0.0,Kylian Mbappé,92,10
2026-03-28 17:45:17,1774719917,REAL MADRID,TTT,True,3,4,0,0,L,False,5.0,4.0,2241.0,1.0,0.0,Viktor Gyökeres,120,9
2026-03-28 17:36:54,1774719414,Dream FC,PRA,False,0,3,0,0,L,False,3.0,0.0,1694.0,2.0,0.0,Kylian Mbappé,91,9
2026-03-28 07:25:13,1774682713,IF YOU WIN ITS YOUR LUCK,NEY,False,5,2,0,0,W,False,10.0,4.0,1979.0,2.0,0.0,Marcus Rashford,90,9
2026-03-27 12:17:13,1774613833,FOYSAL AHMED,CR7,True,0,3,0,0,L,False,2.0,0.0,659.0,2.0,1.0,Erling Haaland,30,9
2026-03-26 15:34:52,1774539292,NDR FC,NDR,False,4,1,0,0,W,False,6.0,3.0,2117.0,0.0,0.0,Kylian Mbappé,90,9
2026-03-26 15:25:55,1774538755,BLUE,BLU,True,2,1,0,0,W,False,6.0,6.0,1985.0,0.0,0.0,Kylian Mbappé,95,9
2026-03-26 11:37:12,1774525032,FC GOA,FCG,True,2,6,0,0,L,False,6.0,3.0,2545.0,0.0,0.0,Kylian Mbappé,99,9
2026-03-25 17:38:53,1774460333,DERICK,DER,False,1,4,0,0,L,False,2.0,1.0,1867.0,0.0,0.0,Harry Kane,90,9
2026-03-25 17:35:42,1774460142,Dream FC,TR7,False,0,3,0,0,L,False,0.0,0.0,654.0,0.0,0.0,Kylian Mbappé,35,9
2026-03-25 13:18:45,1774444725,PROSOCCERGIANTS FC,PSG,True,1,2,0,0,L,False,3.0,2.0,1877.0,0.0,0.0,Erling Haaland,90,9
2026-03-25 13:11:56,1774444316,PROSOCCERGIANTS FC,PSG,True,2,1,0,0,W,False,2.0,2.0,2142.0,0.0,1.0,Kylian Mbappé,91,9
2026-03-25 10:07:12,1774433232,PROSOCCERGIANTS FC,PSG,True,1,2,0,0,L,False,1.0,1.0,2210.0,0.0,1.0,Antonio Rüdiger,120,8
2026-03-25 09:58:33,1774432713,PROSOCCERGIANTS FC,PSG,True,0,2,0,0,L,False,3.0,1.0,1990.0,0.0,0.0,Erling Haaland,90,8
2026-03-25 09:53:13,1774432393,PROSOCCERGIANTS FC,PSG,True,0,5,0,0,L,False,0.0,0.0,1454.0,0.0,0.0,Erling Haaland,66,8
2026-03-25 07:08:33,1774422513,CR7 FC,CR7,True,1,2,0,0,L,False,3.0,1.0,2566.0,1.0,0.0,Kylian Mbappé,120,8
2026-03-25 04:59:32,1774414772,REAL MADRID,MAR,True,3,0,0,0,W,False,3.0,3.0,2014.0,0.0,0.0,Virgil,82,8
2026-03-24 12:20:26,1774354826,KING FC,KIN,True,0,1,0,0,L,False,1.0,1.0,2104.0,0.0,0.0,Rúben,92,8
2026-03-24 11:21:19,1774351279,SEREPPEEETT FC,PYY,True,1,4,0,0,L,False,4.0,2.0,2870.0,1.0,0.0,A.Becker,120,8
2026-03-24 10:54:40,1774349680,Dream FC,BFP,True,1,4,0,0,L,False,4.0,1.0,1937.0,0.0,2.0,Chris Wood,73,8
2026-03-24 10:44:02,1774349042,KWACH  WUOD GEM FC,KWG,False,2,0,0,0,W,False,10.0,4.0,2329.0,2.0,0.0,Jude Bellingham,95,8
2026-03-24 10:36:34,1774348594,Dream FC,JUM,True,1,0,0,0,W,False,3.0,1.0,1686.0,0.0,0.0,Erling Haaland,90,8
2026-03-24 10:30:04,1774348204,SALOM KTM,SAL,False,1,0,0,0,W,False,5.0,1.0,2377.0,2.0,0.0,William Saliba,93,8
2026-03-24 04:09:43,1774325383,FC BARCELONA,BAR,False,4,1,0,0,W,False,3.0,2.0,1952.0,0.0,1.0,Vinícius Júnior,90,8
2026-03-23 14:42:32,1774276952,MOHUNBAGAN,MSG,False,0,1,0,0,L,False,5.0,1.0,2273.0,1.0,1.0,William Saliba,124,8
2026-03-23 14:34:32,1774276472,BANGLADESH  FOOTBALL FEDERATION,BFC,False,1,2,0,0,L,False,1.0,1.0,2304.0,0.0,0.0,Vinícius Júnior,92,8
2026-03-23 06:51:33,1774248693,TANGAIL TOP 1,TT1,True,0,3,0,0,L,False,0.0,0.0,345.0,0.0,0.0,Heungmin,17,8
2026-03-23 06:47:41,1774248461,GANG STAR FC,NFC,False,2,5,0,0,L,False,4.0,2.0,1058.0,1.0,0.0,Kylian Mbappé,45,8
2026-03-23 05:52:21,1774245141,MHOMOD,MHO,False,1,0,0,0,W,False,6.0,3.0,2872.0,2.0,1.0,Vinícius Júnior,131,8
2026-03-22 21:01:26,1774213286,REAL MADRID,RMA,False,0,3,0,0,L,False,1.0,1.0,2241.0,0.0,2.0,Lionel Messi,94,8
2026-03-22 20:53:49,1774212829,ZOZEF,ZOZ,True,0,3,0,0,L,False,0.0,0.0,39.0,0.0,0.0,Joško Gvardiol,6,8
2026-03-22 20:44:27,1774212267,BLACK PANTHER,UND,True,0,3,0,0,L,False,1.0,0.0,1073.0,0.0,0.0,Victor Osimhen,84,8
2026-03-22 20:41:03,1774212063,HMK SPORTS,HMK,False,0,3,0,0,L,False,0.0,0.0,714.0,0.0,0.0,Erling Haaland,36,7
2026-03-22 18:12:21,1774203141,Dream FC,DRE,False,0,2,0,0,L,False,3.0,0.0,2112.0,0.0,3.0,Erling Haaland,95,7
2026-03-22 18:04:14,1774202654,Dream FC,EMA,False,0,0,0,0,D,False,5.0,2.0,2002.0,2.0,0.0,Virgil,92,7
2026-03-22 17:56:14,1774202174,INDIA,NOR,True,1,1,0,0,D,False,5.0,1.0,2428.0,2.0,0.0,Erling Haaland,90,7
2026-03-21 09:26:16,1774085176,HINDU,IND,True,1,2,0,0,L,False,2.0,2.0,1765.0,0.0,0.0,Kylian Mbappé,94,7
2026-03-20 13:26:29,1774013189,REAL MADRID,RAF,True,1,1,0,0,D,False,3.0,1.0,1543.0,2.0,0.0,M. Salah,90,7
2026-03-20 13:13:21,1774012401,PSG,PSG,True,3,1,0,0,W,False,5.0,3.0,1858.0,0.0,0.0,Vinícius Júnior,93,7
2026-03-20 13:04:14,1774011854,LUI,LUI,False,1,1,0,0,D,False,1.0,1.0,1944.0,0.0,1.0,Virgil,92,8
2026-03-20 12:57:18,1774011438,BANGLADESH,BDN,True,1,2,0,0,L,False,3.0,1.0,1574.0,0.0,0.0,Harry Kane,90,8
2026-03-20 10:17:16,1774001836,BARCELONA,JHE,True,0,4,0,0,L,False,3.0,2.0,1795.0,0.0,0.0,O. Dembélé,90,8
2026-03-20 10:09:08,1774001348,(SHAAD)..FC,WWX,True,3,3,0,0,D,False,3.0,3.0,2582.0,0.0,0.0,Vinícius Júnior,91,8
2026-03-20 10:05:42,1774001142,SOHEL THE  BOSS,SOH,True,1,0,0,0,W,False,1.0,0.0,389.0,0.0,0.0,Gabriel Magalhães,45,8
2026-03-20 10:02:15,1774000935,NB MADRID,NBN,True,3,0,0,0,W,False,3.0,0.0,299.0,1.0,0.0,A.Becker,15,8
2026-03-20 09:36:01,1773999361,FC BAYERN MUNCHEN,BAY,False,2,1,0,0,W,False,2.0,2.0,1135.0,0.0,0.0,Kylian Mbappé,92,8
2026-03-20 09:27:03,1773998823,FC BARCELONA,FCB,True,2,1,0,0,W,False,3.0,3.0,2159.0,0.0,0.0,Kylian Mbappé,94,8
2026-03-20 08:47:21,1773996441,BANGLADES SIRAJGANJ KING,SRG,True,1,0,0,0,W,False,2.0,2.0,1560.0,1.0,0.0,Vinícius Júnior,90,8
2026-03-20 08:37:18,1773995838,INDIA,IND,True,2,2,0,0,D,False,4.0,2.0,2326.0,3.0,0.0,Kylian Mbappé,96,8
2026-03-20 08:19:58,1773994798,ARGENTINA,ARG,True,1,1,0,0,D,False,7.0,1.0,2007.0,6.0,1.0,R. Araújo,95,9
2026-03-20 07:47:12,1773992832,TUHIN,TUH,True,0,1,0,0,L,False,4.0,2.0,973.0,1.0,0.0,Virgil,90,9
2026-03-20 07:41:13,1773992473,KZNNBZ,JNH,False,7,4,0,0,W,False,2.0,1.0,1330.0,0.0,1.0,Kylian Mbappé,55,9
2026-03-20 06:21:47,1773987707,NAVY NEPAL,NNC,True,3,0,0,0,W,False,1.0,1.0,526.0,0.0,1.0,Erling Haaland,28,9
2026-03-20 05:35:19,1773984919,SONTOS,SFC,False,1,4,0,0,L,False,4.0,3.0,1678.0,1.0,2.0,Lamine Yamal,95,9
2026-03-20 05:01:14,1773982874,NORTHEAST UNITED FC,NFC,False,3,0,0,0,W,False,3.0,3.0,1544.0,0.0,0.0,Erling Haaland,84,9
2026-03-20 04:54:52,1773982492,RUBEL,RUB,True,0,2,0,0,L,False,1.0,0.0,2084.0,0.0,0.0,Kevin De Bruyne,91,9
2026-03-19 20:40:34,1773952834,ARGENTINA,AFA,True,0,2,0,0,L,False,0.0,0.0,1902.0,0.0,0.0,Alessandro Bastoni,90,9
2026-03-19 20:32:43,1773952363,TIGER FC,TRF,True,3,0,0,0,W,False,4.0,2.0,2047.0,1.0,0.0,Francesco Acerbi,90,9
2026-03-19 20:26:09,1773951969,JIHAD,JIH,False,0,3,0,0,L,False,4.0,1.0,2018.0,0.0,0.0,Paul Gascoigne,93,8
2026-03-19 15:19:14,1773933554,FC BARCELONA,FCB,False,2,3,0,0,L,False,4.0,2.0,1837.0,0.0,0.0,Kylian Mbappé,94,8
2026-03-19 13:54:43,1773928483,BANGLADESH,RSD,True,3,2,0,0,W,False,4.0,4.0,1745.0,0.0,1.0,Vinícius Júnior,94,8
2026-03-19 13:48:12,1773928092,UPS N DOWN,UND,True,0,0,0,0,D,False,0.0,0.0,1063.0,0.0,0.0,A.Becker,91,8
2026-03-19 08:20:34,1773908434,Dream FC,AMI,True,1,2,0,0,L,False,4.0,2.0,2480.0,0.0,0.0,Kylian Mbappé,93,8
2026-03-19 07:10:45,1773904245,ARGENTINA,TJR,True,0,1,0,0,L,False,2.0,0.0,2624.0,0.0,0.0,Rúben,91,8
2026-03-19 06:14:11,1773900851,KOLKATA FC,MEE,False,1,2,0,0,L,False,3.0,1.0,2560.0,1.0,1.0,Kevin De Bruyne,92,8
2026-03-19 06:02:05,1773900125,UMEL,UME,False,4,1,0,0,W,False,3.0,2.0,1273.0,0.0,1.0,Vinícius Júnior,72,8
2026-03-19 05:56:15,1773899775,Dream FC,DEB,True,0,0,0,0,D,False,1.0,0.0,1548.0,0.0,0.0,Virgil,93,8
2026-03-19 05:05:09,1773896709,MESSILONIA,FCM,False,1,4,0,0,L,False,4.0,1.0,2230.0,1.0,1.0,Antonio Rüdiger,91,8
2026-03-18 19:44:06,1773863046,PROSOCCERGIANTS FC,PSG,True,1,2,0,0,L,False,5.0,2.0,2612.0,2.0,1.0,Kylian Mbappé,120,8
2026-03-18 19:37:37,1773862657,PROSOCCERGIANTS FC,PSG,True,2,3,0,0,L,False,2.0,2.0,1917.0,0.0,1.0,Erling Haaland,90,8
2026-03-18 19:28:48,1773862128,PROSOCCERGIANTS FC,PSG,True,1,0,0,0,W,False,4.0,2.0,2042.0,0.0,1.0,Tony Adams,90,8
2026-03-18 19:21:42,1773861702,PROSOCCERGIANTS FC,PSG,True,2,1,0,0,W,False,7.0,4.0,2344.0,2.0,0.0,Erling Haaland,92,8
2026-03-18 19:15:30,1773861330,PROSOCCERGIANTS FC,PSG,True,1,2,0,0,L,False,3.0,1.0,1928.0,0.0,0.0,Kylian Mbappé,90,8
2026-03-18 19:08:57,1773860937,PROSOCCERGIANTS FC,PSG,True,1,0,0,0,W,False,1.0,1.0,1878.0,0.0,0.0,Virgil,91,8
2026-03-18 19:01:41,1773860501,PROSOCCERGIANTS FC,PSG,True,2,4,0,0,L,False,2.0,2.0,2205.0,0.0,2.0,Vinícius Júnior,93,8
2026-03-18 18:51:57,1773859917,ARJINTINA,FCB,True,3,0,0,0,W,False,2.0,1.0,660.0,0.0,1.0,Vinícius Júnior,21,8
2026-03-18 17:10:56,1773853856,PROSOCCERGIANTS FC,PSG,True,2,1,0,0,W,False,6.0,2.0,2730.0,0.0,0.0,Vinícius Júnior,122,8
2026-03-18 17:03:33,1773853413,PROSOCCERGIANTS FC,PSG,True,1,2,0,0,L,False,5.0,1.0,2465.0,1.0,0.0,Vinícius Júnior,90,8
2026-03-18 16:56:56,1773853016,PROSOCCERGIANTS FC,PSG,True,1,2,0,0,L,False,1.0,1.0,1796.0,0.0,0.0,Kylian Mbappé,94,8
2026-03-18 15:30:54,1773847854,IOHBOR,IOH,False,0,0,0,0,D,False,0.0,0.0,1344.0,0.0,0.0,Antonio Rüdiger,90,8
2026-03-18 15:28:55,1773847735,LEGENDARY VIKINGS,LVK,False,3,0,0,0,W,False,0.0,0.0,398.0,0.0,0.0,Rodrigo,17,8
2026-03-18 15:20:59,1773847259,Dream FC,ASM,False,0,3,0,0,L,False,1.0,0.0,2083.0,0.0,1.0,Erling Haaland,91,8
2026-03-18 15:19:18,1773847158,MACHESTER UNITED,MAN,True,0,3,0,0,L,False,0.0,0.0,176.0,0.0,0.0,Kevin De Bruyne,11,8
2026-03-18 12:56:50,1773838610,PROSOCCERGIANTS FC,PSG,True,0,2,0,0,L,False,1.0,1.0,1543.0,0.0,1.0,Erling Haaland,91,8
2026-03-18 12:31:45,1773837105,PROSOCCERGIANTS FC,PSG,True,2,1,0,0,W,False,3.0,2.0,2029.0,0.0,0.0,Kevin De Bruyne,92,8
2026-03-18 12:24:05,1773836645,Dream FC,JSR,False,5,2,0,0,W,False,2.0,0.0,2110.0,0.0,1.0,Cristiano Ronaldo,90,8
2026-03-18 07:27:56,1773818876,BRAZIL,BAN,True,1,4,0,0,L,False,4.0,1.0,1953.0,2.0,0.0,G.Jesus,93,9
2026-03-18 07:00:09,1773817209,FC PK,FCP,False,2,0,0,0,W,False,3.0,2.0,1959.0,1.0,2.0,Erling Haaland,93,9
2026-03-18 06:46:34,1773816394,INDIA,IND,True,3,0,0,0,W,False,4.0,3.0,1360.0,2.0,1.0,Erling Haaland,90,9
2026-03-18 06:36:49,1773815809,VISKA BARSA,STS,False,3,2,0,0,W,False,3.0,3.0,1941.0,0.0,0.0,Erling Haaland,92,9
2026-03-17 19:33:58,1773776038,PROSOCCERGIANTS FC,PSG,True,1,4,0,0,L,False,3.0,2.0,2959.0,2.0,1.0,Antonio Rüdiger,120,9
2026-03-17 19:26:34,1773775594,PROSOCCERGIANTS FC,PSG,True,0,2,0,0,L,False,4.0,0.0,1941.0,3.0,1.0,Virgil,92,9
2026-03-17 19:19:31,1773775171,PROSOCCERGIANTS FC,PSG,True,2,1,0,0,W,False,5.0,2.0,2148.0,4.0,0.0,Erling Haaland,92,9
2026-03-17 19:13:19,1773774799,PROSOCCERGIANTS FC,PSG,True,1,2,0,0,L,False,3.0,1.0,1920.0,0.0,0.0,Erling Haaland,92,9
2026-03-17 19:01:39,1773774099,PROSOCCERGIANTS FC,PSG,True,3,1,0,0,W,False,8.0,5.0,2990.0,1.0,0.0,Vinícius Júnior,126,9
2026-03-17 18:40:36,1773772836,SS  ENTARPRIC,NAJ,False,1,0,0,0,W,False,6.0,1.0,2205.0,0.0,1.0,William Saliba,93,9
2026-03-17 17:10:41,1773767441,H  A  S  A  N       KIGN,BIP,True,0,3,0,0,L,False,2.0,0.0,866.0,1.0,0.0,Erling Haaland,46,9
2026-03-17 17:08:33,1773767313,PEAKY BLINDERS,PEA,False,0,3,0,0,L,False,0.0,0.0,574.0,0.0,0.0,Rafa Leão,22,9
2026-03-17 13:29:45,1773754185,XTRO FC,XTR,True,2,2,0,0,D,False,4.0,2.0,1789.0,0.0,1.0,Kylian Mbappé,90,8
2026-03-17 13:27:14,1773754034,Dream FC,EMA,False,3,0,0,0,W,False,2.0,0.0,662.0,2.0,0.0,William Saliba,27,8
2026-03-17 13:18:54,1773753534,ROUFIAN ELITES,TRE,True,1,2,0,0,L,False,2.0,2.0,2275.0,2.0,0.0,O. Dembélé,92,8
2026-03-17 13:16:11,1773753371,KING,KIN,True,3,0,0,0,W,False,1.0,1.0,678.0,0.0,0.0,Erling Haaland,21,8
2026-03-17 05:42:19,1773726139,BRAZIL,BRA,True,1,1,0,0,D,False,2.0,2.0,2401.0,0.0,0.0,Erling Haaland,93,8
2026-03-16 19:50:59,1773690659,PROSOCCERGIANTS FC,PSG,True,3,1,0,0,W,False,4.0,3.0,2443.0,0.0,0.0,Kylian Mbappé,97,8
2026-03-16 19:42:15,1773690135,PROSOCCERGIANTS FC,PSG,True,0,2,0,0,L,False,6.0,3.0,1791.0,0.0,1.0,Cristiano Ronaldo,93,8
2026-03-16 19:35:00,1773689700,PROSOCCERGIANTS FC,PSG,True,0,2,0,0,L,False,2.0,0.0,1789.0,0.0,0.0,Virgil,91,8
2026-03-16 19:25:21,1773689121,PROSOCCERGIANTS FC,PSG,True,1,3,0,0,L,False,3.0,1.0,1991.0,0.0,0.0,Cristiano Ronaldo,92,8
2026-03-16 19:19:30,1773688770,PROSOCCERGIANTS FC,PSG,True,0,1,0,0,L,False,2.0,0.0,1576.0,2.0,0.0,E. Militão,91,8
2026-03-16 19:12:03,1773688323,PROSOCCERGIANTS FC,PSG,True,2,1,0,0,W,False,3.0,2.0,2263.0,0.0,0.0,Erling Haaland,92,8
2026-03-16 19:03:39,1773687819,PROSOCCERGIANTS FC,PSG,True,0,1,0,0,L,False,2.0,0.0,2715.0,0.0,0.0,E. Militão,125,8
2026-03-16 18:55:54,1773687354,PROSOCCERGIANTS FC,PSG,True,0,3,0,0,L,False,4.0,1.0,2182.0,1.0,1.0,Erling Haaland,92,8
2026-03-16 13:10:46,1773666646,PROSOCCERGIANTS FC,PSG,True,1,0,0,0,W,False,3.0,1.0,1948.0,0.0,0.0,Virgil,99,8
2026-03-16 13:00:44,1773666044,PROSOCCERGIANTS FC,PSG,True,2,1,0,0,W,False,3.0,2.0,2171.0,0.0,0.0,Erling Haaland,92,8
2026-03-16 12:48:50,1773665330,PROSOCCERGIANTS FC,PSG,True,0,0,2,3,PL,True,2.0,0.0,3009.0,1.0,1.0,Thibaut Courtois,126,8
2026-03-16 12:42:34,1773664954,PROSOCCERGIANTS FC,PSG,True,0,1,0,0,L,False,2.0,0.0,2267.0,0.0,0.0,Antonio Rüdiger,91,8
2026-03-16 10:16:42,1773656202,PROSOCCERGIANTS FC,PSG,True,0,0,3,2,PW,True,7.0,2.0,2850.0,3.0,0.0,Thibaut Courtois,121,8
2026-03-16 10:08:43,1773655723,PROSOCCERGIANTS FC,PSG,True,0,1,0,0,L,False,1.0,0.0,1807.0,0.0,3.0,Virgil,91,8
2026-03-16 07:40:52,1773646852,SYLHET FC,SYL,True,1,4,0,0,L,False,1.0,1.0,1866.0,0.0,1.0,Kevin De Bruyne,97,8
2026-03-16 06:20:24,1773642024,REAL MADRID,REA,True,1,1,0,0,D,False,4.0,2.0,1681.0,2.0,0.0,Erling Haaland,92,8
2026-03-15 17:41:24,1773596484,BANGLADESH FOOTBALL FEDERATION,BAN,False,3,2,0,0,W,False,4.0,3.0,2178.0,0.0,1.0,Kylian Mbappé,93,8
2026-03-15 17:32:40,1773595960,MIZO FC,MIZ,False,1,0,0,0,W,False,2.0,1.0,1993.0,0.0,0.0,Micky van de Ven,91,8
2026-03-15 16:24:49,1773591889,NJ  F C,NFC,True,2,2,0,0,D,False,4.0,3.0,1793.0,0.0,0.0,Robert Lewandowski,98,8
2026-03-15 08:46:47,1773564407,THUNDER,TND,False,0,3,0,0,L,False,0.0,0.0,225.0,0.0,0.0,Joško Gvardiol,8,8
2026-03-14 05:19:02,1773465542,KISHOREGANJ KING,KSH,True,3,0,0,0,W,False,5.0,3.0,1566.0,2.0,1.0,Robert Lewandowski,80,8
2026-03-13 14:36:03,1773412563,REAL MADRID,RMA,False,0,5,0,0,L,False,0.0,0.0,2035.0,0.0,1.0,João Pedro,97,8
2026-03-13 07:28:45,1773386925,JAHID YT,CBF,True,2,2,0,0,D,False,4.0,2.0,2142.0,0.0,3.0,Erling Haaland,95,7
2026-03-13 05:04:26,1773378266,BAYERN MUNCHEN,FCB,False,1,3,0,0,L,False,2.0,1.0,1824.0,0.0,2.0,Erling Haaland,93,7
2026-03-12 19:18:52,1773343132,PROSOCCERGIANTS FC,PSG,True,0,1,0,0,L,False,4.0,0.0,1568.0,2.0,1.0,Cristiano Ronaldo,92,7
2026-03-12 19:12:43,1773342763,PROSOCCERGIANTS FC,PSG,True,1,2,0,0,L,False,3.0,2.0,1973.0,0.0,0.0,Kevin De Bruyne,90,7
2026-03-12 19:04:33,1773342273,PROSOCCERGIANTS FC,PSG,True,2,1,0,0,W,False,4.0,2.0,2225.0,2.0,2.0,Erling Haaland,93,7
2026-03-12 18:58:52,1773341932,PROSOCCERGIANTS FC,PSG,True,6,3,0,0,W,False,2.0,2.0,1388.0,0.0,0.0,Rodrigo,79,7
2026-03-12 15:38:26,1773329906,IT KMC FC,IT,False,3,1,0,0,W,False,3.0,3.0,1839.0,0.0,1.0,Kylian Mbappé,95,8
2026-03-12 10:11:23,1773310283,PROSOCCERGIANTS FC,PSG,True,1,3,0,0,L,False,4.0,1.0,3041.0,2.0,3.0,Virgil,122,8
2026-03-12 06:21:53,1773296513,FC LEGEND,LG,True,2,1,0,0,W,False,6.0,2.0,2341.0,2.0,0.0,Viktor Gyökeres,93,8
2026-03-11 18:56:02,1773255362,PROSOCCERGIANTS FC,PSG,True,1,2,0,0,L,False,4.0,1.0,2152.0,1.0,0.0,Harry Kane,90,8
2026-03-11 18:47:22,1773254842,PROSOCCERGIANTS FC,PSG,True,1,6,0,0,L,False,1.0,1.0,2365.0,0.0,0.0,Erling Haaland,92,8
2026-03-11 18:39:20,1773254360,PROSOCCERGIANTS FC,PSG,True,1,3,0,0,L,False,1.0,1.0,1898.0,0.0,2.0,Erling Haaland,91,8
2026-03-11 18:03:07,1773252187,PROSOCCERGIANTS FC,PSG,True,1,4,0,0,L,False,1.0,1.0,821.0,0.0,0.0,Kylian Mbappé,29,8
2026-03-11 17:53:50,1773251630,PROSOCCERGIANTS FC,PSG,True,2,3,0,0,L,False,5.0,2.0,3067.0,0.0,0.0,Rodrigo,120,8
2026-03-11 17:45:47,1773251147,PROSOCCERGIANTS FC,PSG,True,3,5,0,0,L,False,3.0,3.0,1834.0,2.0,1.0,Erling Haaland,93,8
2026-03-11 17:37:52,1773250672,PROSOCCERGIANTS FC,PSG,True,3,4,0,0,L,False,3.0,3.0,1686.0,0.0,0.0,Erling Haaland,93,8
2026-03-11 16:56:12,1773248172,BARCELONA,FCB,False,2,2,0,0,D,False,5.0,3.0,2420.0,1.0,4.0,A.Becker,95,8
2026-03-11 15:49:12,1773244152,Dream FC,HRK,True,1,1,0,0,D,False,2.0,1.0,1889.0,1.0,1.0,Robert Lewandowski,90,8
2026-03-11 13:11:18,1773234678,ALLAVOROSAEKADOS,AVE,True,4,3,0,0,W,False,6.0,4.0,2911.0,2.0,0.0,Erling Haaland,91,8
2026-03-11 13:02:11,1773234131,TAIM AHMED,TAI,True,3,0,0,0,W,False,3.0,3.0,1320.0,1.0,1.0,Erling Haaland,81,8
2026-03-11 11:42:41,1773229361,RAGHIB,RAG,False,1,1,0,0,D,False,2.0,1.0,1519.0,1.0,1.0,Antonio Rüdiger,95,8
2026-03-11 11:37:55,1773229075,INDIA FC11,KK1,True,4,1,0,0,W,False,0.0,0.0,850.0,0.0,1.0,Kevin De Bruyne,45,8
2026-03-11 11:29:13,1773228553,LEO ADI,TEN,True,1,4,0,0,L,False,5.0,1.0,2428.0,2.0,0.0,Mateo Retegui,88,8
2026-03-11 11:24:56,1773228296,BRAZIL,BRA,True,3,0,0,0,W,False,1.0,0.0,1270.0,1.0,1.0,Virgil,39,8
2026-03-11 11:17:23,1773227843,PALEISTAIN RMD,RMD,False,0,3,0,0,L,False,2.0,1.0,1783.0,0.0,0.0,Vinícius Júnior,92,8
2026-03-11 08:58:49,1773219529,LEO ADI,TEN,True,5,2,0,0,W,False,3.0,3.0,2247.0,0.0,0.0,Khvicha Kvaratskhelia,90,8
2026-03-11 08:52:10,1773219130,Dream FC,CFC,False,0,1,0,0,L,False,0.0,0.0,947.0,0.0,1.0,Cristian Romero,92,8
2026-03-11 06:42:17,1773211337,BRASIL,BRA,False,3,2,0,0,W,False,3.0,3.0,1872.0,0.0,2.0,Kylian Mbappé,94,8
2026-03-11 06:35:21,1773210921,BRAZIL,BRA,True,1,2,0,0,L,False,3.0,1.0,2050.0,2.0,0.0,Rafa Leão,90,8
2026-03-11 06:29:01,1773210541,DRANKEN SHIVO,DKN,False,0,1,0,0,L,False,1.0,0.0,1925.0,1.0,1.0,Achraf Hakimi,92,8
2026-03-11 05:10:28,1773205828,Dream FC,RMD,False,6,3,0,0,W,False,3.0,0.0,1988.0,1.0,0.0,Erling Haaland,81,8
2026-03-11 05:01:25,1773205285,ARGENTINA,AGE,True,2,2,0,0,D,False,5.0,2.0,2300.0,0.0,1.0,Erling Haaland,94,8
2026-03-08 19:48:14,1772999294,KING SOLOMON FC,KSF,False,3,0,0,0,W,False,2.0,1.0,1300.0,1.0,0.0,A.Becker,66,8
2026-03-08 19:39:46,1772998786,KING,KIN,False,2,3,0,0,L,False,2.0,1.0,2191.0,0.0,2.0,Erling Haaland,90,8
2026-03-08 18:17:22,1772993842,LIVERPOOL,LFC,False,3,0,0,0,W,False,0.0,0.0,785.0,0.0,0.0,Francesco Acerbi,26,8
2026-03-08 18:16:11,1772993771,LEO,LEO,True,3,0,0,0,W,False,0.0,0.0,373.0,0.0,0.0,Francesco Acerbi,7,8
2026-03-08 18:13:38,1772993618,PANDU MEMORIAL,PAN,True,3,0,0,0,W,False,1.0,1.0,544.0,0.0,1.0,Kylian Mbappé,34,8
2026-03-08 14:11:15,1772979075,HOANG,HOA,True,0,1,0,0,L,False,1.0,0.0,1888.0,0.0,5.0,A.Becker,101,8
2026-03-08 14:03:39,1772978619,MEMEK FC,TAI,True,2,4,0,0,L,False,2.0,2.0,2049.0,0.0,1.0,Rafa Leão,91,8
2026-03-08 13:56:11,1772978171,ROBI,ROB,False,1,2,0,0,L,False,3.0,1.0,2334.0,1.0,2.0,M. Salah,95,8
2026-03-08 06:00:38,1772949638,FC BARCELONA,FCB,True,3,0,0,0,W,False,1.0,1.0,525.0,0.0,1.0,Kylian Mbappé,24,8
2026-03-08 05:52:16,1772949136,Dream FC,TRI,True,0,2,0,0,L,False,0.0,0.0,1797.0,0.0,0.0,Kylian Mbappé,92,8
2026-03-08 05:45:36,1772948736,MANSOO FC,GTM,True,0,1,0,0,L,False,0.0,0.0,2554.0,0.0,0.0,Erling Haaland,94,8
2026-03-07 20:15:01,1772914501,PROSOCCERGIANTS FC,PSG,True,1,4,0,0,L,False,2.0,2.0,2530.0,0.0,1.0,Erling Haaland,120,8
2026-03-07 19:57:33,1772913453,PROSOCCERGIANTS FC,PSG,True,1,1,2,4,PL,True,1.0,1.0,2055.0,0.0,0.0,Kylian Mbappé,120,8
2026-03-07 13:11:32,1772889092,SPIDERMAN,SPI,False,1,1,0,0,D,False,6.0,1.0,1787.0,2.0,0.0,Erling Haaland,96,8
2026-03-07 13:10:20,1772889020,Dream FC,HTT,False,3,0,0,0,W,False,0.0,0.0,165.0,0.0,0.0,Kylian Mbappé,8,8
2026-03-07 12:58:50,1772888330,K A L K A T A,IND,True,1,2,0,0,L,False,2.0,2.0,1701.0,2.0,1.0,Federico Valverde,92,8
2026-03-07 08:22:01,1772871721,SHOW ISRAEL THE RED CARD,SAM,True,1,1,0,0,D,False,1.0,1.0,1832.0,0.0,0.0,William Saliba,92,7
2026-03-07 08:10:08,1772871008,BRAZIL,CBF,True,5,2,0,0,W,False,2.0,2.0,1919.0,0.0,1.0,Rivaldo,99,7
2026-03-07 07:18:51,1772867931,PROSOCCERGIANTS FC,PSG,True,3,1,0,0,W,False,5.0,4.0,2083.0,0.0,1.0,Kylian Mbappé,92,7
2026-03-07 07:15:37,1772867737,PROSOCCERGIANTS FC,PSG,True,0,3,0,0,L,False,0.0,0.0,468.0,0.0,0.0,Cristiano Ronaldo,22,7
2026-03-07 07:08:22,1772867302,PROSOCCERGIANTS FC,PSG,True,2,3,0,0,L,False,3.0,3.0,1605.0,0.0,1.0,Kylian Mbappé,94,7
2026-03-07 07:02:29,1772866949,PROSOCCERGIANTS FC,PSG,True,0,3,0,0,L,False,0.0,0.0,1742.0,0.0,1.0,Cristiano Ronaldo,92,7
2026-03-07 05:49:12,1772862552,KERALA BLASTERS,KER,False,1,2,0,0,L,False,1.0,1.0,1916.0,0.0,1.0,Kylian Mbappé,91,7
2026-03-06 20:14:40,1772828080,PROSOCCERGIANTS FC,PSG,True,0,3,0,0,L,False,1.0,1.0,1974.0,0.0,2.0,Virgil,90,7
2026-03-06 20:03:29,1772827409,PROSOCCERGIANTS FC,PSG,True,0,1,0,0,L,False,4.0,2.0,2046.0,0.0,2.0,Cristiano Ronaldo,94,7
2026-03-06 19:53:32,1772826812,PROSOCCERGIANTS FC,PSG,True,1,1,0,3,PL,True,7.0,3.0,3298.0,2.0,1.0,Cristiano Ronaldo,120,7
2026-03-06 19:46:25,1772826385,PROSOCCERGIANTS FC,PSG,True,0,5,0,0,L,False,0.0,0.0,1914.0,0.0,1.0,Achraf Hakimi,90,7
2026-03-06 19:25:18,1772825118,PROSOCCERGIANTS FC,PSG,True,1,2,0,0,L,False,2.0,1.0,2045.0,0.0,1.0,Kylian Mbappé,122,7
2026-03-06 19:15:30,1772824530,PROSOCCERGIANTS FC,PSG,True,1,2,0,0,L,False,5.0,2.0,2060.0,0.0,2.0,Kylian Mbappé,126,7
2026-03-06 19:08:06,1772824086,PROSOCCERGIANTS FC,PSG,True,0,1,0,0,L,False,1.0,0.0,1974.0,0.0,1.0,Virgil,94,7
2026-03-06 12:08:04,1772798884,PROSOCCERGIANTS FC,PSG,True,1,4,0,0,L,False,3.0,1.0,1870.0,1.0,0.0,Cristiano Ronaldo,90,7
2026-03-06 12:01:02,1772798462,PROSOCCERGIANTS FC,PSG,True,0,4,0,0,L,False,1.0,0.0,1715.0,0.0,1.0,Kylian Mbappé,91,7
2026-03-06 11:56:29,1772798189,PROSOCCERGIANTS FC,PSG,True,0,3,0,0,L,False,1.0,0.0,389.0,1.0,0.0,E. Militão,22,7
2026-03-06 11:49:02,1772797742,PROSOCCERGIANTS FC,PSG,True,3,4,0,0,L,False,3.0,3.0,2518.0,0.0,1.0,Kylian Mbappé,97,7
2026-03-06 11:42:17,1772797337,PROSOCCERGIANTS FC,PSG,True,1,2,0,0,L,False,3.0,1.0,1699.0,0.0,2.0,Kylian Mbappé,94,7
2026-03-06 11:36:04,1772796964,PROSOCCERGIANTS FC,PSG,True,1,2,0,0,L,False,4.0,1.0,2154.0,0.0,1.0,Robert Lewandowski,91,7
2026-03-06 11:28:38,1772796518,PROSOCCERGIANTS FC,PSG,True,1,4,0,0,L,False,1.0,1.0,2614.0,0.0,3.0,Kylian Mbappé,94,7
2026-03-06 09:18:13,1772788693,FAAAAHFAAAAAH,FAH,True,1,3,0,0,L,False,1.0,1.0,1384.0,0.0,0.0,Erling Haaland,92,7
2026-03-06 06:06:48,1772777208,FC  SANTOS,SAN,True,0,5,0,0,L,False,1.0,0.0,1649.0,0.0,5.0,Casemiro,92,8
2026-03-06 05:58:51,1772776731,RAKIBUL 007,007,False,3,0,0,0,W,False,3.0,1.0,3272.0,0.0,0.0,Tony Adams,90,8
2026-03-06 05:30:02,1772775002,EAST BANGEL FC,EST,False,1,1,0,0,D,False,2.0,1.0,2842.0,1.0,0.0,Kylian Mbappé,91,8
2026-03-06 05:21:02,1772774462,BARCELONA,FCB,False,1,0,0,0,W,False,2.0,1.0,2544.0,0.0,0.0,William Saliba,92,8
2026-03-06 05:15:47,1772774147,MAHIM FC,MAH,False,4,1,0,0,W,False,1.0,1.0,2466.0,0.0,3.0,Erling Haaland,59,8
2026-03-05 19:22:29,1772738549,PROSOCCERGIANTS FC,PSG,True,1,4,0,0,L,False,4.0,1.0,2510.0,0.0,2.0,Cristiano Ronaldo,90,8
2026-03-05 19:15:17,1772738117,PROSOCCERGIANTS FC,PSG,True,4,0,0,0,W,False,4.0,4.0,2657.0,0.0,1.0,Kylian Mbappé,90,8
2026-03-05 19:09:27,1772737767,PROSOCCERGIANTS FC,PSG,True,0,2,0,0,L,False,2.0,0.0,2788.0,1.0,0.0,Cristiano Ronaldo,91,8
2026-03-05 18:59:15,1772737155,TR FC,TRF,True,0,0,0,0,D,False,0.0,0.0,2395.0,0.0,0.0,A.Becker,93,8
2026-03-05 18:49:42,1772736582,SHIBCHAR FC,SHI,False,0,4,0,0,L,False,1.0,0.0,1676.0,2.0,0.0,Erling Haaland,90,8
2026-03-05 17:28:28,1772731708,ALMA MATER,ALM,True,2,1,0,0,W,False,2.0,2.0,3950.0,2.0,0.0,Erling Haaland,92,8
2026-03-05 14:54:15,1772722455,ARAFAT FC,ARA,False,0,0,0,0,D,False,0.0,0.0,2211.0,0.0,0.0,William Saliba,90,8
2026-03-05 14:51:33,1772722293,TANVIR,TAN,False,4,1,0,0,W,False,1.0,1.0,574.0,0.0,1.0,Kylian Mbappé,24,8
2026-03-05 04:30:56,1772685056,GODLIKE FC,GOD,True,4,1,0,0,W,False,2.0,1.0,1308.0,0.0,1.0,Gabriel Batistuta,45,8
2026-03-05 04:26:00,1772684760,ARGENTINA FOOTBALL,LEO,True,3,0,0,0,W,False,2.0,0.0,863.0,0.0,0.0,J. Alvarez,37,8
2026-03-05 04:23:17,1772684597,REAL  MADRID,MAD,True,3,0,0,0,W,False,2.0,2.0,566.0,0.0,0.0,Erling Haaland,22,8
2026-03-04 21:00:49,1772658049,PROSOCCERGIANTS FC,PSG,True,3,3,3,4,PL,True,7.0,4.0,3481.0,2.0,0.0,Erling Haaland,122,8
2026-03-04 20:53:28,1772657608,PROSOCCERGIANTS FC,PSG,True,2,0,0,0,W,False,5.0,3.0,2054.0,2.0,2.0,Kylian Mbappé,91,8
2026-03-04 20:43:02,1772656982,PROSOCCERGIANTS FC,PSG,True,2,4,0,0,L,False,6.0,3.0,3150.0,1.0,3.0,Erling Haaland,125,8
2026-03-04 12:10:58,1772626258,Dream FC,JSR,False,2,5,0,0,L,False,2.0,2.0,1668.0,0.0,1.0,Robert Lewandowski,83,8
2026-03-04 09:03:58,1772615038,BRASIL,BRA,False,0,3,0,0,L,False,0.0,0.0,1213.0,0.0,1.0,Marquinhos,68,8
2026-03-04 06:26:01,1772605561,PROSOCCERGIANTS FC,PSG,True,0,4,0,0,L,False,1.0,0.0,1769.0,0.0,1.0,Kylian Mbappé,94,7
2026-03-04 06:18:42,1772605122,PROSOCCERGIANTS FC,PSG,True,3,2,0,0,W,False,6.0,3.0,1876.0,0.0,2.0,Erling Haaland,92,7
2026-03-04 06:11:03,1772604663,PROSOCCERGIANTS FC,PSG,True,2,3,0,0,L,False,5.0,2.0,2295.0,3.0,0.0,Erling Haaland,92,7
2026-03-04 04:31:18,1772598678,TOP,TOP,True,2,3,0,0,L,False,4.0,2.0,2273.0,0.0,1.0,Erling Haaland,97,7
2026-03-03 21:05:40,1772571940,PROSOCCERGIANTS FC,PSG,True,4,5,0,0,L,False,8.0,5.0,3223.0,2.0,1.0,Viktor Gyökeres,127,7
2026-03-03 20:56:32,1772571392,PROSOCCERGIANTS FC,PSG,True,4,5,0,0,L,False,5.0,4.0,1838.0,1.0,2.0,Kylian Mbappé,93,7
2026-03-03 20:49:07,1772570947,PROSOCCERGIANTS FC,PSG,True,1,2,0,0,L,False,5.0,3.0,1829.0,0.0,2.0,Erling Haaland,93,7
2026-03-03 20:41:53,1772570513,PROSOCCERGIANTS FC,PSG,True,2,1,0,0,W,False,3.0,2.0,1936.0,0.0,0.0,Kylian Mbappé,92,7
2026-03-03 16:31:05,1772555465,Dream FC,DRE,True,1,7,0,0,L,False,2.0,1.0,1635.0,0.0,1.0,Lionel Messi,90,7
2026-03-03 10:40:19,1772534419,AFC,AFC,True,1,2,0,0,L,False,1.0,1.0,2021.0,0.0,2.0,Erling Haaland,91,7
2026-03-03 09:14:54,1772529294,PROSOCCERGIANTS FC,PSG,True,2,3,0,0,L,False,4.0,3.0,2236.0,0.0,3.0,Kylian Mbappé,97,7
2026-03-03 08:44:13,1772527453,PROSOCCERGIANTS FC,PSG,True,2,1,0,0,W,False,3.0,2.0,1783.0,0.0,1.0,Kylian Mbappé,91,7
2026-03-03 08:36:03,1772526963,PROSOCCERGIANTS FC,PSG,True,0,3,0,0,L,False,4.0,2.0,1830.0,2.0,1.0,Erling Haaland,92,7
2026-03-03 08:28:21,1772526501,PROSOCCERGIANTS FC,PSG,True,4,2,0,0,W,False,7.0,6.0,2547.0,0.0,1.0,Kylian Mbappé,93,7
2026-03-03 07:56:32,1772524592,Dream FC,KIG,True,3,2,0,0,W,False,5.0,4.0,2065.0,0.0,0.0,Kylian Mbappé,92,7
2026-03-03 07:41:10,1772523670,VICTORY,VJM,True,0,3,0,0,L,False,0.0,0.0,1707.0,0.0,1.0,Cristiano Ronaldo,93,7
2026-03-03 07:37:31,1772523451,Dream FC,DRE,False,1,0,0,0,W,False,1.0,0.0,1132.0,0.0,0.0,A.Becker,45,7
2026-03-03 07:34:11,1772523251,ALLAVOROSAEKADOS,AVE,True,3,0,0,0,W,False,2.0,2.0,683.0,0.0,0.0,Kylian Mbappé,19,7
2026-03-03 06:35:48,1772519748,REAL MADRID,RMA,True,3,6,0,0,L,False,6.0,4.0,2136.0,2.0,0.0,Erling Haaland,92,7
2026-03-03 06:02:59,1772517779,PROSOCCERGIANTS FC,PSG,True,2,3,0,0,L,False,4.0,3.0,2075.0,0.0,3.0,Kylian Mbappé,92,7
2026-03-03 05:55:21,1772517321,PROSOCCERGIANTS FC,PSG,True,0,1,0,0,L,False,8.0,1.0,1609.0,2.0,2.0,Virgil,94,7
2026-03-03 05:46:14,1772516774,NAHIDRANA,NAH,True,3,0,0,0,W,False,4.0,3.0,1803.0,0.0,0.0,Kylian Mbappé,57,7
2026-03-02 19:54:46,1772481286,PROSOCCERGIANTS FC,PSG,True,3,0,0,0,W,False,5.0,3.0,2141.0,0.0,0.0,William Saliba,90,7
2026-03-02 19:47:00,1772480820,PROSOCCERGIANTS FC,PSG,True,0,2,0,0,L,False,2.0,1.0,1719.0,0.0,3.0,Achraf Hakimi,96,7
2026-03-02 19:30:15,1772479815,PROSOCCERGIANTS FC,PSG,True,2,1,0,0,W,False,9.0,4.0,1985.0,0.0,3.0,Kylian Mbappé,96,7
2026-03-02 19:21:55,1772479315,PROSOCCERGIANTS FC,PSG,True,4,1,0,0,W,False,6.0,4.0,1924.0,1.0,1.0,Erling Haaland,94,7
2026-03-02 19:02:18,1772478138,PROSOCCERGIANTS FC,PSG,True,4,6,0,0,L,False,6.0,5.0,2646.0,0.0,2.0,Erling Haaland,123,7
2026-03-02 16:32:33,1772469153,PROSOCCERGIANTS FC,PSG,True,1,3,0,0,L,False,5.0,1.0,2504.0,3.0,1.0,Harry Kane,91,7
2026-03-02 16:25:22,1772468722,PROSOCCERGIANTS FC,PSG,True,0,3,0,0,L,False,1.0,0.0,1751.0,0.0,1.0,Kylian Mbappé,92,7
2026-03-02 16:17:23,1772468243,PROSOCCERGIANTS FC,PSG,True,4,1,0,0,W,False,7.0,4.0,2264.0,1.0,0.0,Virgil,90,7
2026-03-02 13:26:25,1772457985,PROSOCCERGIANTS FC,PSG,True,2,2,3,2,PW,True,5.0,2.0,3265.0,0.0,1.0,Erling Haaland,120,7
2026-03-02 13:18:01,1772457481,PROSOCCERGIANTS FC,PSG,True,1,6,0,0,L,False,1.0,1.0,1792.0,0.0,1.0,Kylian Mbappé,92,7
2026-03-02 08:13:53,1772439233,BANGLADESH   FC,BAN,True,0,1,0,0,L,False,5.0,1.0,1871.0,1.0,2.0,J. Alvarez,96,7
2026-03-02 07:17:10,1772435830,SANI,SAN,True,0,5,0,0,L,False,3.0,1.0,1951.0,0.0,0.0,Erling Haaland,93,7
2026-03-02 07:04:38,1772435078,NALITABARI ELEVEN,NAL,True,3,2,0,0,W,False,6.0,4.0,2697.0,1.0,0.0,Kylian Mbappé,92,7
2026-03-02 06:54:13,1772434453,DEVIL,DEV,True,1,0,0,0,W,False,6.0,3.0,2067.0,3.0,1.0,Kylian Mbappé,92,7
2026-03-02 06:46:19,1772433979,VISCA BARCA,FCB,False,2,0,0,0,W,False,3.0,2.0,2223.0,1.0,2.0,Erling Haaland,91,7
2026-03-02 06:40:13,1772433613,REALBETIS,REA,False,3,0,0,0,W,False,4.0,4.0,2009.0,0.0,0.0,Kylian Mbappé,71,7
2026-03-02 05:21:02,1772428862,SOHAG BD,SBD,True,1,1,0,0,D,False,4.0,3.0,2235.0,1.0,1.0,Kylian Mbappé,93,7
2026-03-01 19:20:11,1772392811,COX  BOY,BAN,False,1,2,0,0,L,False,1.0,1.0,1892.0,0.0,1.0,Erling Haaland,90,7
2026-03-01 19:12:46,1772392366,FC SOJIB,SOJ,True,0,0,0,0,D,False,2.0,1.0,2055.0,0.0,0.0,Virgil,93,7
2026-03-01 15:03:01,1772377381,ALIF,ALI,False,2,2,0,0,D,False,8.0,3.0,2109.0,1.0,2.0,Erling Haaland,94,7
2026-03-01 14:02:57,1772373777,BANGLADESH,BGD,False,5,2,0,0,W,False,4.0,2.0,1873.0,0.0,0.0,Erling Haaland,88,7
2026-03-01 13:54:57,1772373297,HOSSAIN,ASE,True,2,1,0,0,W,False,5.0,2.0,1883.0,1.0,1.0,Kylian Mbappé,90,7
2026-03-01 06:10:24,1772345424,RUNO,RUN,True,4,1,0,0,W,False,9.0,4.0,2262.0,0.0,0.0,Kylian Mbappé,95,7
2026-02-28 17:54:19,1772301259,WOLF CO,WOL,False,1,3,0,0,L,False,1.0,1.0,1619.0,0.0,0.0,Erling Haaland,90,7
2026-02-28 08:23:56,1772267036,RIDOYAN,RID,False,1,1,0,0,D,False,3.0,2.0,1401.0,1.0,0.0,Kylian Mbappé,94,7
2026-02-27 12:41:31,1772196091,RAYMOND FC,RAY,True,3,3,0,0,D,False,4.0,4.0,1740.0,0.0,3.0,O. Dembélé,94,7
2026-02-27 11:51:24,1772193084,LIVERPOOL  FC,LFC,True,0,0,0,0,D,False,3.0,1.0,1904.0,0.0,0.0,Andrew Robertson,95,6
2026-02-27 11:32:25,1772191945,DLS,IAM,True,4,1,0,0,W,False,3.0,3.0,1799.0,0.0,1.0,Viktor Gyökeres,90,6
2026-02-27 11:23:30,1772191410,MAS JECK,MAS,True,0,3,0,0,L,False,0.0,0.0,1362.0,0.0,2.0,Alessandro Bastoni,94,6
2026-02-27 10:15:08,1772187308,SAZIN,SAZ,False,3,3,0,0,D,False,6.0,3.0,2251.0,0.0,1.0,Kylian Mbappé,92,6
2026-02-27 09:35:13,1772184913,MRI FC,MRI,False,1,4,0,0,L,False,1.0,1.0,1578.0,0.0,1.0,Neymar Jr.,63,6
2026-02-26 19:34:04,1772134444,ARMAN,ARM,False,1,4,0,0,L,False,2.0,2.0,1079.0,0.0,0.0,Heungmin,42,6
2026-02-26 19:07:57,1772132877,BANGLADESH,BNG,False,0,1,0,0,L,False,4.0,0.0,1326.0,3.0,0.0,William Saliba,91,6
2026-02-26 18:52:05,1772131925,PALESTINE,PAL,True,4,3,0,0,W,False,5.0,4.0,2721.0,0.0,2.0,Erling Haaland,90,6
2026-02-26 18:41:40,1772131300,BOGURA CITY 01868445334,BAG,True,2,0,0,0,W,False,4.0,3.0,2533.0,2.0,3.0,Erling Haaland,90,7
2026-02-26 18:32:00,1772130720,ARSENAL EMM,ARS,False,3,2,0,0,W,False,3.0,3.0,2752.0,0.0,1.0,Harry Kane,90,7
2026-02-26 17:54:48,1772128488,DGF,DGF,False,0,0,0,0,D,False,4.0,2.0,1575.0,1.0,0.0,A.Becker,92,7
2026-02-26 17:30:32,1772127032,MS NAJMULL,MSN,False,1,2,0,0,L,False,4.0,1.0,1882.0,3.0,2.0,Kylian Mbappé,93,7
2026-02-26 15:23:01,1772119381,ASHIQUE,ASH,False,2,2,0,0,D,False,3.0,2.0,2688.0,0.0,0.0,Erling Haaland,94,7
2026-02-26 15:02:28,1772118148,CHELSEA,CHE,True,1,0,0,0,W,False,4.0,2.0,1747.0,0.0,1.0,Tony Adams,93,7
2026-02-26 14:59:01,1772117941,RIFAT,RIF,True,3,0,0,0,W,False,2.0,1.0,411.0,0.0,0.0,Rodrigo,11,7
2026-02-26 13:30:05,1772112605,MAN UTD,MAN,True,1,2,0,0,L,False,2.0,1.0,2058.0,1.0,0.0,O. Dembélé,90,7
2026-02-26 11:44:02,1772106242,KING 11,K11,True,5,2,0,0,W,False,5.0,2.0,1819.0,1.0,0.0,Erling Haaland,65,7
2026-02-26 10:58:03,1772103483,MAN CITY,CIT,False,0,1,0,0,L,False,5.0,2.0,2418.0,2.0,0.0,Virgil,95,7
2026-02-26 10:22:02,1772101322,POOL FC,POO,True,3,0,0,0,W,False,0.0,0.0,382.0,0.0,0.0,Kylian Mbappé,9,8
2026-02-26 09:23:45,1772097825,FC BMR,FC,True,2,1,0,0,W,False,5.0,3.0,2428.0,1.0,2.0,Erling Haaland,100,8
2026-02-26 08:29:33,1772094573,NEVER GIVE UP,OFF,False,1,1,0,0,D,False,6.0,4.0,2664.0,2.0,1.0,A.Becker,96,8
2026-02-26 07:43:34,1772091814,ANAS MULLICK,ANA,False,1,4,0,0,L,False,3.0,3.0,1962.0,0.0,0.0,Robert Lewandowski,95,8
2026-02-26 06:35:28,1772087728,ARGENTINA,DLS,True,3,2,0,0,W,False,7.0,4.0,2410.0,0.0,0.0,Robert Lewandowski,90,8
2026-02-26 06:28:51,1772087331,BARCELONA,FCB,True,3,0,0,0,W,False,9.0,4.0,2385.0,1.0,0.0,Kylian Mbappé,78,8
2026-02-26 06:19:41,1772086781,BANGLADESH,BAN,False,3,1,0,0,W,False,6.0,3.0,3007.0,2.0,0.0,Kylian Mbappé,84,8
2026-02-26 04:44:00,1772081040,HASIB  KHAN,HAS,False,3,0,0,0,W,False,4.0,1.0,1463.0,2.0,0.0,Erling Haaland,48,8
2026-02-25 17:17:24,1772039844,ROARING TIGERS,ROA,True,3,0,0,0,W,False,1.0,0.0,676.0,0.0,0.0,Virgil,17,9
2026-02-25 17:06:17,1772039177,B C K,FOT,True,3,3,0,0,D,False,4.0,3.0,2814.0,1.0,3.0,Kylian Mbappé,97,9
2026-02-25 15:59:24,1772035164,BAREK,BAR,False,4,0,0,0,W,False,4.0,3.0,2211.0,0.0,0.0,Kylian Mbappé,90,9
2026-02-25 13:33:06,1772026386,Dream FC,JSR,False,1,2,0,0,L,False,2.0,2.0,2410.0,0.0,2.0,Erling Haaland,94,9
2026-02-25 11:30:28,1772019028,Dream FC,JSR,False,0,3,0,0,L,False,1.0,0.0,2367.0,0.0,0.0,Virgil,91,9
2026-02-25 11:28:12,1772018892,Dream FC,JSR,False,4,1,0,0,W,False,2.0,1.0,474.0,1.0,0.0,Erling Haaland,29,9
2026-02-25 10:10:17,1772014217,PROSOCCERGIANTS FC,PSG,True,1,2,0,0,L,False,4.0,3.0,2517.0,0.0,2.0,Bernardo,94,9
2026-02-25 10:03:53,1772013833,PROSOCCERGIANTS FC,PSG,True,3,1,0,0,W,False,5.0,3.0,1837.0,2.0,0.0,Martin Ødegaard,91,9
2026-02-25 08:23:38,1772007818,ARGENTINA,RTM,False,3,0,0,0,W,False,5.0,2.0,2347.0,1.0,1.0,Kylian Mbappé,90,9
2026-02-25 07:51:47,1772005907,Dream FC,ZIH,True,4,1,0,0,W,False,5.0,1.0,1615.0,0.0,0.0,Erling Haaland,54,9
2026-02-25 07:44:17,1772005457,Dream FC,LEO,True,5,2,0,0,W,False,1.0,1.0,1213.0,0.0,1.0,Cristiano Ronaldo,45,9
2026-02-25 07:35:06,1772004906,XEDOX,XDX,True,2,5,0,0,L,False,2.0,2.0,2855.0,0.0,0.0,Kylian Mbappé,96,9
2026-02-25 05:29:37,1771997377,JERISON  FC,RJC,False,5,2,0,0,W,False,6.0,3.0,2552.0,1.0,1.0,Erling Haaland,90,9
2026-02-25 05:09:43,1771996183,REAL MADRID,RMD,True,1,1,0,0,D,False,2.0,1.0,2471.0,0.0,0.0,Harry Kane,91,9
2026-02-24 18:36:48,1771958208,PROSOCCERGIANTS FC,PSG,True,3,0,0,0,W,False,2.0,1.0,601.0,0.0,0.0,Martin Ødegaard,27,9
2026-02-24 18:25:34,1771957534,PROSOCCERGIANTS FC,PSG,True,4,1,0,0,W,False,6.0,5.0,3413.0,0.0,1.0,Kylian Mbappé,125,9
2026-02-24 18:15:32,1771956932,PROSOCCERGIANTS FC,PSG,True,1,2,0,0,L,False,7.0,2.0,1884.0,1.0,2.0,Kevin De Bruyne,94,9
2026-02-24 17:25:12,1771953912,Dream FC,MES,False,4,1,0,0,W,False,3.0,3.0,3666.0,0.0,2.0,Kylian Mbappé,90,9
2026-02-24 16:48:43,1771951723,JOHNB,JBB,True,2,1,0,0,W,False,4.0,2.0,2183.0,1.0,0.0,Kevin De Bruyne,91,9
2026-02-24 16:02:25,1771948945,Dream FC,CBF,True,0,6,0,0,L,False,0.0,0.0,1214.0,0.0,2.0,Erling Haaland,93,9
2026-02-24 15:43:04,1771947784,RANGPUR RIDERS,RAN,False,1,2,0,0,L,False,2.0,2.0,1941.0,0.0,0.0,Rafa Leão,90,9
2026-02-24 15:33:21,1771947201,CTG KING,CTK,False,5,2,0,0,W,False,3.0,3.0,2533.0,0.0,1.0,Kylian Mbappé,89,9
2026-02-24 15:24:29,1771946669,ROCK,ROC,False,3,0,0,0,W,False,6.0,3.0,2104.0,0.0,0.0,Robert Lewandowski,67,9
2026-02-24 15:16:43,1771946203,F C BARCELONA,FCB,False,1,2,0,0,L,False,2.0,1.0,1528.0,2.0,0.0,Jude Bellingham,90,9
2026-02-24 12:30:54,1771936254,PROSOCCERGIANTS FC,PSG,True,2,3,0,0,L,False,6.0,3.0,2631.0,1.0,1.0,Kylian Mbappé,121,9
2026-02-24 12:21:52,1771935712,PROSOCCERGIANTS FC,PSG,True,1,4,0,0,L,False,2.0,1.0,2289.0,0.0,0.0,Kylian Mbappé,92,9
2026-02-24 12:15:17,1771935317,PROSOCCERGIANTS FC,PSG,True,0,1,0,0,L,False,2.0,0.0,2952.0,0.0,1.0,Antonio Rüdiger,95,9
2026-02-24 12:08:00,1771934880,Dream FC,JSR,False,1,2,0,0,L,False,3.0,1.0,2043.0,1.0,1.0,Kylian Mbappé,92,9
2026-02-24 12:02:15,1771934535,Dream FC,JSR,False,2,1,0,0,W,False,2.0,2.0,2466.0,0.0,0.0,Erling Haaland,90,9
2026-02-24 12:01:44,1771934504,ESP,ESP,True,0,3,0,0,L,False,0.0,0.0,20.0,0.0,0.0,O. Dembélé,4,9
2026-02-24 12:00:39,1771934439,Dream FC,JSR,False,3,0,0,0,W,False,0.0,0.0,0.0,0.0,0.0,A.Becker,3,9
2026-02-24 10:15:19,1771928119,PROSOCCERGIANTS FC,PSG,True,1,4,0,0,L,False,1.0,1.0,2348.0,0.0,0.0,Kylian Mbappé,93,9
2026-02-24 10:03:26,1771927406,PROSOCCERGIANTS FC,PSG,True,2,4,0,0,L,False,3.0,3.0,3488.0,0.0,1.0,Erling Haaland,121,9
2026-02-24 09:56:30,1771926990,PROSOCCERGIANTS FC,PSG,True,1,2,0,0,L,False,3.0,1.0,2736.0,0.0,0.0,Rodrigo,91,9
2026-02-24 09:50:27,1771926627,PROSOCCERGIANTS FC,PSG,True,0,1,0,0,L,False,0.0,0.0,3013.0,0.0,0.0,Antonio Rüdiger,93,9
2026-02-24 09:43:04,1771926184,PROSOCCERGIANTS FC,PSG,True,0,1,0,0,L,False,3.0,0.0,3646.0,1.0,0.0,Thibaut Courtois,93,9
2026-02-24 08:02:31,1771920151,FARABI,FAR,False,1,1,0,0,D,False,2.0,1.0,2732.0,0.0,1.0,Jude Bellingham,91,10
2026-02-24 07:58:17,1771919897,SAIMON,SAI,True,3,0,0,0,W,False,1.0,1.0,1648.0,0.0,0.0,A.Becker,40,10
2026-02-24 07:55:03,1771919703,LEO FC,LEO,True,3,0,0,0,W,False,2.0,2.0,1514.0,0.0,0.0,Kylian Mbappé,29,10
2026-02-24 07:51:17,1771919477,FC BARCELONA,FCB,True,3,0,0,0,W,False,1.0,1.0,1059.0,0.0,0.0,Kylian Mbappé,28,10
2026-02-24 07:03:28,1771916608,MAN UTD,MUN,True,1,1,0,0,D,False,2.0,1.0,2745.0,2.0,0.0,A.Becker,94,10
2026-02-24 06:30:17,1771914617,Dream FC,NEY,True,5,2,0,0,W,False,1.0,0.0,987.0,0.0,0.0,Kylian Mbappé,45,10
2026-02-24 05:18:21,1771910301,ARGNTNA,ARG,False,0,0,0,0,D,False,4.0,1.0,2291.0,0.0,0.0,Lisandro Martínez,93,9
2026-02-24 04:54:23,1771908863,INTER  MAIME FC,BFC,False,1,1,0,0,D,False,2.0,1.0,1910.0,0.0,0.0,Gabriel Batistuta,91,9
2026-02-24 04:46:09,1771908369,UNITED,UFC,True,1,1,0,0,D,False,3.0,1.0,2121.0,0.0,0.0,Lautaro,92,9
2026-02-23 13:51:11,1771854671,MA HI M,MAH,False,0,0,0,0,D,False,2.0,1.0,2230.0,0.0,0.0,Tony Adams,94,9
2026-02-23 12:16:50,1771849010,FC BARCELONA,BAR,False,0,5,0,0,L,False,0.0,0.0,2199.0,0.0,1.0,Harry Kane,90,9
2026-02-23 11:09:54,1771844994,KALIMPONG FC,KFC,False,3,3,0,0,D,False,3.0,3.0,2508.0,0.0,1.0,Kylian Mbappé,97,9
2026-02-23 09:48:19,1771840099,ARSENAL,ARS,True,0,0,0,0,D,False,2.0,1.0,1979.0,0.0,0.0,Rodrigo,98,9
2026-02-22 16:58:29,1771779509,REALMADRID,RLM,True,0,5,0,0,L,False,4.0,2.0,1877.0,0.0,0.0,Gabriel Batistuta,92,9
2026-02-22 14:12:03,1771769523,TOP ELEVEN,TOP,True,4,1,0,0,W,False,4.0,2.0,2596.0,0.0,0.0,Erling Haaland,90,9
2026-02-22 13:08:04,1771765684,AVENGERS,AVE,False,1,2,0,0,L,False,4.0,1.0,2085.0,1.0,1.0,Erling Haaland,92,9
2026-02-22 12:49:39,1771764579,ARGENTNNA,AFA,True,3,1,0,0,W,False,7.0,3.0,2751.0,0.0,0.0,Kylian Mbappé,91,9
2026-02-22 12:39:29,1771763969,ARGENTINA,AFA,False,4,1,0,0,W,False,8.0,4.0,2553.0,1.0,0.0,Kylian Mbappé,88,9
2026-02-22 06:02:39,1771740159,BILEFUS,BIL,False,0,3,0,0,L,False,0.0,0.0,1014.0,0.0,3.0,G.Jesus,51,9
2026-02-22 05:13:03,1771737183,ABID,MES,True,0,3,0,0,L,False,0.0,0.0,259.0,0.0,0.0,Erling Haaland,9,9
2026-02-22 05:03:45,1771736625,ABDUR RAHMAN FC,RFC,False,2,2,0,0,D,False,3.0,2.0,2205.0,1.0,0.0,Erling Haaland,91,9
2026-02-21 16:36:59,1771691819,T ANVIR,BRA,True,3,4,0,0,L,False,6.0,4.0,2055.0,0.0,0.0,Erling Haaland,93,9
2026-02-21 16:28:55,1771691335,ASFAK FC,AFC,False,4,1,0,0,W,False,5.0,4.0,1858.0,2.0,0.0,Erling Haaland,79,9
2026-02-21 12:21:23,1771676483,BRAZIL,NJR,True,1,1,0,0,D,False,7.0,4.0,2922.0,4.0,1.0,Erling Haaland,95,9
2026-02-21 12:19:16,1771676356,KERALABLASTERS,KBF,True,3,0,0,0,W,False,1.0,0.0,31.0,1.0,0.0,Rodrigo,5,9
2026-02-20 20:18:47,1771618727,ARGENTINA,AFA,True,0,2,0,0,L,False,0.0,0.0,1619.0,0.0,0.0,Kylian Mbappé,90,9
2026-02-20 20:16:59,1771618619,BANGLADESH,BNG,False,0,3,0,0,L,False,0.0,0.0,239.0,0.0,0.0,Erling Haaland,13,9
2026-02-20 18:18:52,1771611532,REM,REM,False,0,1,0,0,L,False,3.0,2.0,1910.0,2.0,0.0,Gregor Kobel,90,9
2026-02-20 18:09:01,1771610941,THE KING SOFTWAY FC,KIN,True,0,1,0,0,L,False,1.0,0.0,3121.0,1.0,1.0,Kylian Mbappé,94,9
2026-02-20 11:44:00,1771587840,BANLADESH,MAN,False,4,1,0,0,W,False,6.0,1.0,2175.0,3.0,1.0,Thibaut Courtois,90,9
2026-02-20 11:36:12,1771587372,N H R,NHR,True,2,4,0,0,L,False,2.0,2.0,2723.0,0.0,0.0,Harry Kane,95,9
2026-02-20 04:47:04,1771562824,ARGENTINA,LEO,True,1,1,0,0,D,False,3.0,1.0,2496.0,0.0,0.0,Erling Haaland,90,8
2026-02-19 19:54:37,1771530877,ALL STAR  EAGLES,ASG,True,0,1,0,0,L,False,2.0,1.0,928.0,0.0,1.0,Virgil,93,8
2026-02-19 11:35:20,1771500920,REAL MADRID,REA,True,0,0,0,0,D,False,6.0,1.0,2075.0,2.0,0.0,Tony Adams,92,8
2026-02-19 11:23:06,1771500186,REAL MADRID,RMA,True,3,0,0,0,W,False,1.0,1.0,1885.0,0.0,1.0,Erling Haaland,90,8
2026-02-19 09:20:56,1771492856,JR FOOTBALL1,JRF,True,0,3,0,0,L,False,2.0,0.0,2193.0,1.0,0.0,Virgil,95,8
2026-02-19 08:09:21,1771488561,Dream FC,ARG,True,0,0,0,0,D,False,2.0,2.0,1790.0,0.0,0.0,Achraf Hakimi,91,8
2026-02-19 07:58:34,1771487914,ABDULLAH,ABD,True,2,2,0,0,D,False,7.0,3.0,2753.0,0.0,0.0,Jude Bellingham,95,9
2026-02-19 07:50:55,1771487455,NEPALARMY,NEP,True,4,0,0,0,W,False,9.0,5.0,2512.0,2.0,0.0,Erling Haaland,92,9
2026-02-19 07:22:44,1771485764,Dream FC,DRE,True,2,1,0,0,W,False,4.0,4.0,2652.0,0.0,1.0,Jude Bellingham,92,9
2026-02-19 06:09:10,1771481350,RED DEVIL NEPAL,RED,False,1,2,0,0,L,False,3.0,2.0,1824.0,0.0,1.0,Cristiano Ronaldo,90,9
2026-02-19 05:56:21,1771480581,BARCELONA,BAR,True,3,0,0,0,W,False,6.0,2.0,1935.0,0.0,0.0,Kylian Mbappé,70,9
2026-02-19 05:19:11,1771478351,MANCHESTER C,MCI,True,1,0,0,0,W,False,3.0,2.0,1379.0,0.0,0.0,Robert Lewandowski,45,9
2026-02-19 05:08:04,1771477684,BENGALURU FC,BEN,False,2,2,0,0,D,False,5.0,3.0,2193.0,0.0,0.0,Kylian Mbappé,90,9
2026-02-19 05:00:29,1771477229,ARIYAN21,PSG,True,1,1,0,0,D,False,2.0,2.0,1897.0,0.0,1.0,Kylian Mbappé,91,9
2026-02-18 19:22:23,1771442543,PROSOCCERGIANTS FC,PSG,True,0,0,3,2,PW,True,11.0,3.0,2835.0,1.0,0.0,Thibaut Courtois,123,9
2026-02-18 19:13:04,1771441984,PROSOCCERGIANTS FC,PSG,True,0,5,0,0,L,False,1.0,0.0,1753.0,1.0,2.0,Harry Kane,90,9
2026-02-18 19:05:40,1771441540,PROSOCCERGIANTS FC,PSG,True,1,4,0,0,L,False,1.0,1.0,2168.0,0.0,2.0,Kylian Mbappé,90,9
2026-02-18 18:58:43,1771441123,PROSOCCERGIANTS FC,PSG,True,3,2,0,0,W,False,4.0,3.0,2387.0,1.0,0.0,Erling Haaland,94,9
2026-02-18 12:20:15,1771417215,PROSOCCERGIANTS FC,PSG,True,1,2,0,0,L,False,4.0,1.0,2532.0,0.0,0.0,Erling Haaland,96,9
2026-02-18 12:12:22,1771416742,PROSOCCERGIANTS FC,PSG,True,0,5,0,0,L,False,0.0,0.0,2012.0,0.0,1.0,Kylian Mbappé,94,9
2026-02-18 10:26:27,1771410387,PROSOCCERGIANTS FC,PSG,True,0,1,0,0,L,False,3.0,0.0,2003.0,0.0,3.0,Kylian Mbappé,93,9
2026-02-18 10:19:39,1771409979,PROSOCCERGIANTS FC,PSG,True,0,5,0,0,L,False,1.0,0.0,2173.0,0.0,0.0,Kylian Mbappé,91,9
2026-02-18 10:12:48,1771409568,PROSOCCERGIANTS FC,PSG,True,0,2,0,0,L,False,2.0,2.0,2119.0,0.0,1.0,T. Hernandez,92,9
2026-02-18 10:05:35,1771409135,PROSOCCERGIANTS FC,PSG,True,0,2,0,0,L,False,3.0,1.0,2528.0,2.0,0.0,Kevin De Bruyne,94,9
2026-02-18 05:58:14,1771394294,RAFSAN JR,RAF,False,3,0,0,0,W,False,4.0,1.0,1999.0,0.0,1.0,Harry Kane,73,9
2026-02-18 05:00:48,1771390848,NOMANIA FC,DLS,False,1,1,0,0,D,False,6.0,2.0,2961.0,3.0,1.0,A.Becker,92,9
2026-02-17 19:11:17,1771355477,REAL MADRID,DCL,True,5,1,0,0,W,False,5.0,5.0,2176.0,0.0,0.0,Kylian Mbappé,75,9
2026-02-17 19:02:18,1771354938,FCB,FCB,False,6,3,0,0,W,False,6.0,1.0,2346.0,2.0,0.0,Robert Lewandowski,90,9
2026-02-17 14:41:56,1771339316,IL FC,ILT,True,2,3,0,0,L,False,5.0,3.0,2631.0,0.0,0.0,Kylian Mbappé,91,9
2026-02-17 10:00:30,1771322430,SHAWON144,SHA,False,3,0,0,0,W,False,0.0,0.0,603.0,0.0,0.0,William Saliba,8,9
2026-02-17 07:44:59,1771314299,FC NAGDEMRA,SMF,False,4,4,0,0,D,False,4.0,4.0,3026.0,0.0,2.0,Erling Haaland,95,9
2026-02-17 05:48:58,1771307338,ALL STAR  EAGLES,ASG,False,3,0,0,0,W,False,3.0,2.0,1251.0,0.0,0.0,Erling Haaland,64,9
2026-02-16 17:54:02,1771264442,PROSOCCERGIANTS FC,PSG,True,4,3,0,0,W,False,9.0,6.0,3270.0,1.0,1.0,Kylian Mbappé,123,9
2026-02-16 17:46:50,1771264010,PROSOCCERGIANTS FC,PSG,True,1,4,0,0,L,False,2.0,1.0,1944.0,0.0,0.0,Kylian Mbappé,93,9
2026-02-16 17:36:33,1771263393,PROSOCCERGIANTS FC,PSG,True,2,1,0,0,W,False,5.0,2.0,3774.0,0.0,2.0,Erling Haaland,121,9
2026-02-16 17:21:06,1771262466,PROSOCCERGIANTS FC,PSG,True,0,1,0,0,L,False,2.0,1.0,1927.0,0.0,0.0,Virgil,90,9
2026-02-16 17:13:47,1771262027,PROSOCCERGIANTS FC,PSG,True,0,3,0,0,L,False,5.0,1.0,2672.0,0.0,0.0,Kylian Mbappé,92,9
2026-02-16 17:07:33,1771261653,PROSOCCERGIANTS FC,PSG,True,1,2,0,0,L,False,3.0,2.0,2805.0,0.0,0.0,Kylian Mbappé,92,9
2026-02-16 11:23:49,1771241029,PROSOCCERGIANTS FC,PSG,True,1,2,0,0,L,False,2.0,2.0,2956.0,0.0,0.0,Kylian Mbappé,123,9
2026-02-16 11:21:32,1771240892,PROSOCCERGIANTS FC,PSG,True,0,3,0,0,L,False,0.0,0.0,381.0,0.0,0.0,Virgil,18,9
2026-02-16 10:21:40,1771237300,BACKBENCHERS,BAC,False,3,6,0,0,L,False,6.0,3.0,2313.0,1.0,0.0,Kylian Mbappé,91,9
2026-02-16 10:14:43,1771236883,JOHAL,JOH,True,1,3,0,0,L,False,7.0,5.0,2035.0,1.0,0.0,Erling Haaland,94,9
2026-02-16 10:12:39,1771236759,SHANTO FC,CBF,True,0,3,0,0,L,False,0.0,0.0,94.0,0.0,0.0,A.Becker,8,9
2026-02-16 06:02:32,1771221752,JM JAHID,JM ,False,1,1,0,0,D,False,2.0,1.0,1452.0,0.0,0.0,Kylian Mbappé,92,9
2026-02-16 05:54:28,1771221268,BANGLADESH,BGD,False,3,0,0,0,W,False,5.0,2.0,1946.0,0.0,3.0,Erling Haaland,87,9
2026-02-16 05:49:53,1771220993,MANCHESTER CITY,MCI,False,3,0,0,0,W,False,0.0,0.0,439.0,0.0,0.0,Kylian Mbappé,27,9
2026-02-16 05:44:08,1771220648,MESSI,MES,False,4,1,0,0,W,False,3.0,2.0,1614.0,0.0,0.0,Erling Haaland,45,9
2026-02-15 02:08:33,1771121313,JEFFRED,JEF,False,2,2,0,0,D,False,3.0,2.0,3354.0,0.0,0.0,Victor Osimhen,91,9
2026-02-14 10:55:19,1771066519,SAN PEDRO FC,SAN,True,1,4,0,0,L,False,1.0,1.0,1113.0,0.0,0.0,Kylian Mbappé,45,9
2026-02-13 12:40:02,1770986402,BACKBENCHERS,BAC,False,1,3,0,0,L,False,5.0,1.0,2278.0,0.0,1.0,Erling Haaland,92,9
2026-02-13 12:32:31,1770985951,BACKBENCHERS,BAC,False,1,6,0,0,L,False,2.0,2.0,2499.0,0.0,0.0,Kylian Mbappé,92,9
2026-02-13 12:24:06,1770985446,PROSOCCERGIANTS FC,PSG,True,3,2,0,0,W,False,8.0,5.0,2638.0,1.0,0.0,Kylian Mbappé,92,9
2026-02-13 12:14:46,1770984886,PROSOCCERGIANTS FC,PSG,True,3,6,0,0,L,False,5.0,3.0,2734.0,1.0,2.0,Kylian Mbappé,90,9
2026-02-13 09:38:15,1770975495,PROSOCCERGIANTS FC,PSG,True,3,2,0,0,W,False,6.0,4.0,3108.0,0.0,2.0,Harry Kane,90,9
2026-02-13 09:30:50,1770975050,PROSOCCERGIANTS FC,PSG,True,1,4,0,0,L,False,2.0,2.0,2566.0,1.0,1.0,Cristiano Ronaldo,92,9
2026-02-13 09:23:03,1770974583,PROSOCCERGIANTS FC,PSG,True,0,4,0,0,L,False,0.0,0.0,2060.0,0.0,1.0,Kylian Mbappé,94,9
2026-02-12 17:08:28,1770916108,MOQBUL SHAH,MOQ,False,0,1,0,0,L,False,0.0,0.0,1092.0,0.0,0.0,Lionel Messi,90,9
2026-02-12 15:13:44,1770909224,Dream FC,AFA,True,3,0,0,0,W,False,5.0,3.0,2248.0,0.0,0.0,Robert Lewandowski,95,9
2026-02-12 12:36:46,1770899806,Dream FC,MUT,False,4,1,0,0,W,False,5.0,2.0,2678.0,1.0,1.0,Erling Haaland,90,9
2026-02-12 12:28:38,1770899318,ABDUS       SOBHN      FOOTBALL,ABD,True,3,0,0,0,W,False,1.0,1.0,1993.0,0.0,0.0,A.Becker,90,9
2026-02-11 16:32:55,1770827575,BHUIYA FC,BFC,True,1,1,0,0,D,False,3.0,2.0,2426.0,0.0,1.0,Neymar Jr.,93,9
2026-02-11 16:29:59,1770827399,HERON,HER,False,0,3,0,0,L,False,1.0,1.0,1298.0,0.0,0.0,Erling Haaland,30,8
2026-02-11 07:49:40,1770796180,BRASIL,CBF,True,2,0,0,0,W,False,3.0,2.0,1890.0,0.0,0.0,Erling Haaland,91,8
2026-02-11 07:19:26,1770794366,MIHIR  JR,MIH,False,1,4,0,0,L,False,4.0,1.0,2614.0,1.0,0.0,Vinícius Júnior,93,8
2026-02-10 17:25:31,1770744331,ATK MHUNBAGAN,ATK,True,1,1,5,4,PW,True,6.0,2.0,3422.0,2.0,1.0,William Saliba,122,8
2026-02-10 06:06:16,1770703576,PROSOCCERGIANTS FC,PSG,True,1,2,0,0,L,False,4.0,1.0,2762.0,1.0,1.0,Kevin De Bruyne,94,8
2026-02-10 05:58:00,1770703080,PROSOCCERGIANTS FC,PSG,True,1,7,0,0,L,False,2.0,2.0,2660.0,0.0,0.0,Kylian Mbappé,94,8
2026-02-09 11:38:18,1770637098,ARGENTINA,ARG,False,3,1,0,0,W,False,3.0,3.0,816.0,0.0,0.0,Kylian Mbappé,45,9
2026-02-09 11:29:52,1770636592,SOUTH ZONE FC,SOU,True,2,0,0,0,W,False,6.0,3.0,2759.0,1.0,0.0,N. Mendes,92,9
2026-02-09 11:23:10,1770636190,CHELSEA KENYA,CHE,True,3,6,0,0,L,False,3.0,3.0,1478.0,0.0,0.0,Kylian Mbappé,46,9
2026-02-07 14:10:59,1770473459,TONMOY,THB,True,5,2,0,0,W,False,6.0,1.0,1747.0,2.0,0.0,Rodrigo,53,9
2026-02-04 12:39:55,1770208795,BANGLADESH,BAN,True,5,2,0,0,W,False,2.0,2.0,1386.0,0.0,1.0,Rodrigo,42,9
2026-02-04 02:21:08,1770171668,ANTONY  ARMAN,AAA,False,3,0,0,0,W,False,5.0,1.0,2101.0,0.0,0.0,Kylian Mbappé,52,9
2026-02-04 02:13:45,1770171225,REAL MADRID FC,RMD,True,0,3,0,0,L,False,1.0,0.0,2233.0,1.0,0.0,Antoine Griezmann,90,9
2026-02-03 19:00:35,1770145235,BARCELONA,FCB,True,5,2,0,0,W,False,7.0,5.0,3473.0,0.0,5.0,Kylian Mbappé,120,9
2026-02-03 17:45:53,1770140753,REAL MADRID CF,MAD,True,6,0,0,0,W,False,6.0,6.0,2178.0,0.0,0.0,Erling Haaland,82,10
2026-02-03 17:37:25,1770140245,911,911,True,3,2,0,0,W,False,1.0,1.0,1385.0,2.0,3.0,Kylian Mbappé,84,10
2026-02-03 16:20:28,1770135628,LIMON FC,LIM,True,3,0,0,0,W,False,7.0,3.0,1866.0,0.0,0.0,Robert Lewandowski,74,10
2026-02-03 16:17:08,1770135428,REAL MADRID,RLM,False,0,3,0,0,L,False,0.0,0.0,0.0,0.0,0.0,Erling Haaland,4,10
2026-02-02 19:56:08,1770062168,INDIA,IND,True,4,3,0,0,W,False,5.0,4.0,2206.0,0.0,1.0,Robert Lewandowski,90,10
2026-02-02 19:43:41,1770061421,SHO,SAJ,False,2,2,3,1,PW,True,5.0,3.0,3089.0,1.0,0.0,Kylian Mbappé,120,10
2026-02-02 19:35:03,1770060903,REAL MADRID,RMA,True,0,3,0,0,L,False,0.0,0.0,1666.0,0.0,0.0,Harry Kane,94,10
2026-02-02 17:59:54,1770055194,TIBET FC,DRE,True,0,3,0,0,L,False,2.0,1.0,1669.0,0.0,0.0,Antonio Rüdiger,90,9
2026-01-31 12:33:29,1769862809,Dream FC,TRI,False,2,2,0,0,D,False,4.0,3.0,2717.0,0.0,2.0,Erling Haaland,95,9
2026-01-31 04:48:03,1769834883,FC GOA,FCG,False,2,3,0,0,L,False,4.0,3.0,2681.0,0.0,1.0,Kylian Mbappé,93,9
2026-01-30 14:15:08,1769782508,CHUDLING PONG,CPF,True,3,0,0,0,W,False,5.0,3.0,2159.0,0.0,2.0,Erling Haaland,87,9
2026-01-30 03:23:41,1769743421,BFC,BFC,True,1,0,0,0,W,False,3.0,1.0,2105.0,1.0,2.0,Kalidou Koulibaly,93,9
2026-01-29 17:45:16,1769708716,REAL AL AKASH MADRID,RAM,True,0,1,0,0,L,False,3.0,1.0,2053.0,0.0,0.0,Cristiano Ronaldo,90,9
2026-01-29 09:32:43,1769679163,RRR,RRR,True,0,3,0,0,L,False,0.0,0.0,1912.0,0.0,0.0,Moussa Diaby,92,9
2026-01-29 06:07:57,1769666877,MOQBUL SHAH,MOQ,True,4,1,0,0,W,False,4.0,3.0,1831.0,1.0,0.0,Erling Haaland,90,9
2026-01-29 06:00:48,1769666448,EDDIE,DFC,False,0,3,0,0,L,False,2.0,0.0,1815.0,0.0,0.0,Erling Haaland,90,9
2026-01-29 02:15:06,1769652906,BASH UNDHARA     KINGS,BAN,False,7,4,0,0,W,False,0.0,0.0,1574.0,0.0,1.0,Erling Haaland,51,9
2026-01-28 07:11:30,1769584290,Dream FC,SHA,True,1,4,0,0,L,False,2.0,1.0,1723.0,1.0,1.0,Erling Haaland,92,9
2026-01-28 06:15:34,1769580934,SAJE,SAJ,False,3,1,0,0,W,False,5.0,4.0,2038.0,1.0,0.0,Kylian Mbappé,91,9
2026-01-28 02:11:35,1769566295,MD SOUROV KHAN,ARG,True,1,1,0,0,D,False,4.0,3.0,2279.0,0.0,0.0,Vinícius Júnior,90,9
2026-01-28 02:08:41,1769566121,Dream FC,BAM,True,3,0,0,0,W,False,2.0,1.0,909.0,0.0,0.0,Erling Haaland,24,10
2026-01-27 14:15:00,1769523300,PORTUGAL,PRT,False,3,0,0,0,W,False,1.0,1.0,153.0,0.0,0.0,Erling Haaland,4,10
2026-01-27 12:55:15,1769518515,ABIDUL,ABI,False,3,0,0,0,W,False,9.0,3.0,2483.0,3.0,0.0,Tony Adams,90,10
2026-01-27 12:53:42,1769518422,ARGENTINA,ARG,True,3,0,0,0,W,False,1.0,0.0,280.0,1.0,0.0,Kylian Mbappé,3,10
2026-01-27 10:37:04,1769510224,ARO,ARO,False,3,0,0,0,W,False,0.0,0.0,12.0,0.0,1.0,Kylian Mbappé,5,11
2026-01-27 09:20:12,1769505612,DHAKADAKSHIN CRIYACHOKRO,DCC,False,3,2,0,0,W,False,4.0,3.0,2739.0,0.0,0.0,Kylian Mbappé,94,11
2026-01-27 05:01:13,1769490073,BANGLADESH XL,BXL,True,1,0,0,0,W,False,6.0,5.0,2512.0,1.0,1.0,Kylian Mbappé,95,11
2026-01-27 04:52:13,1769489533,REAL MADRID CF,RMA,False,0,0,0,0,D,False,3.0,1.0,2174.0,0.0,0.0,N. Mendes,92,11
2026-01-27 02:21:01,1769480461,POSSESSION,PAS,False,2,2,0,0,D,False,4.0,3.0,2069.0,2.0,1.0,Erling Haaland,93,11
2026-01-26 19:18:13,1769455093,BANGDASH CLAB,BAN,True,5,2,0,0,W,False,1.0,1.0,1405.0,0.0,0.0,Jules Koundé,50,11
2026-01-26 18:36:13,1769452573,KERALA FC,KER,True,2,0,0,0,W,False,6.0,4.0,1930.0,1.0,1.0,Erling Haaland,91,11
2026-01-26 18:27:04,1769452024,FIORENTINA,FIO,True,1,1,0,0,D,False,8.0,3.0,1988.0,3.0,0.0,Antoine Griezmann,90,11
2026-01-25 19:10:55,1769368255,EDDIE,DFC,False,1,2,0,0,L,False,3.0,1.0,2014.0,0.0,0.0,Lois Openda,94,11
2026-01-25 16:43:56,1769359436,INDIA,IND,True,4,1,0,0,W,False,7.0,4.0,1894.0,2.0,0.0,Erling Haaland,71,11
2026-01-24 18:41:15,1769280075,NEYMAR JR LOVE,NJR,False,1,2,0,0,L,False,5.0,2.0,2526.0,1.0,0.0,Erling Haaland,92,11
2026-01-24 03:34:24,1769225664,NEHAT ACADEMY,NEH,False,1,4,0,0,L,False,2.0,1.0,1814.0,0.0,0.0,Kylian Mbappé,67,11
2026-01-24 03:24:48,1769225088,IND,IND,True,1,4,0,0,L,False,7.0,2.0,2734.0,2.0,1.0,Lionel Messi,90,11
2026-01-23 17:05:51,1769187951,RED  FOX,FOX,True,2,7,0,0,L,False,4.0,3.0,2565.0,0.0,0.0,Christopher Nkunku,90,11
2026-01-23 17:03:08,1769187788,DLS,DLS,True,3,0,0,0,W,False,1.0,1.0,934.0,0.0,0.0,Martin Ødegaard,29,11
2026-01-23 14:45:48,1769179548,DANGER,BOY,True,2,2,0,0,D,False,3.0,3.0,2710.0,0.0,1.0,Kylian Mbappé,93,11
2026-01-23 14:35:47,1769178947,RONALDO IS  GOTO SIUUU,HTT,False,4,1,0,0,W,False,10.0,4.0,2477.0,2.0,2.0,Erling Haaland,90,11
2026-01-23 13:57:35,1769176655,REAL MADRID CF,RMA,False,0,2,0,0,L,False,2.0,0.0,2244.0,0.0,0.0,Virgil,92,11
2026-01-23 13:50:47,1769176247,BARCELONA,BAR,True,1,1,0,0,D,False,4.0,1.0,2855.0,0.0,0.0,Erling Haaland,92,11
2026-01-23 11:20:25,1769167225,Dream FC,INT,True,2,2,0,0,D,False,5.0,3.0,2505.0,0.0,0.0,Kylian Mbappé,93,11
2026-01-23 11:05:30,1769166330,SHILLONG LAJONG FC,SFC,False,0,5,0,0,L,False,0.0,0.0,1598.0,0.0,2.0,Toni Kroos,90,10
2026-01-23 10:02:27,1769162547,APU ROY CLUB,ARC,False,0,3,0,0,L,False,0.0,0.0,264.0,0.0,0.0,J. Alvarez,8,10
2026-01-23 06:22:01,1769149321,INDIA,CR7,False,2,2,0,0,D,False,3.0,1.0,1866.0,1.0,0.0,Virgil,92,10
2026-01-23 06:18:42,1769149122,WOLF CO,WOL,True,1,0,0,0,W,False,1.0,1.0,1089.0,0.0,0.0,A.Becker,45,10
2026-01-23 06:14:25,1769148865,BAR COLANA,FCB,False,4,1,0,0,W,False,3.0,3.0,1225.0,0.0,0.0,Viktor Gyökeres,39,10
2026-01-22 18:39:07,1769107147,JWAN,JWA,False,1,1,0,0,D,False,4.0,2.0,2229.0,0.0,1.0,Erling Haaland,91,9
2026-01-22 13:41:53,1769089313,BACKBENCHERS,BAC,False,0,1,0,0,L,False,6.0,2.0,2165.0,1.0,2.0,Thibaut Courtois,92,9
2026-01-22 13:32:27,1769088747,BACKBENCHERS,BAC,False,0,1,0,0,L,False,6.0,2.0,2735.0,0.0,1.0,Vinícius Júnior,120,9
2026-01-22 13:25:32,1769088332,BACKBENCHERS,BAC,False,0,1,0,0,L,False,6.0,0.0,2280.0,2.0,0.0,Thibaut Courtois,91,9
2026-01-22 12:05:23,1769083523,TORIKUL,MAD,True,0,3,0,0,L,False,3.0,0.0,1649.0,1.0,0.0,Gianluigi Donnarumma,93,9
2026-01-22 11:19:16,1769080756,KALRA,KAL,False,0,3,0,0,L,False,0.0,0.0,2125.0,0.0,3.0,Harry Kane,82,9
2026-01-22 06:41:41,1769064101,BACKBENCHERS,BAC,False,0,1,0,0,L,False,8.0,3.0,2223.0,0.0,0.0,Thibaut Courtois,93,9
2026-01-22 06:35:15,1769063715,BACKBENCHERS,BAC,False,1,2,0,0,L,False,3.0,2.0,2492.0,0.0,0.0,Erling Haaland,93,9
2026-01-21 18:00:19,1769018419,MS UNITED FC,MSU,True,2,2,0,0,D,False,2.0,2.0,2722.0,0.0,0.0,Lamine Yamal,90,8
2026-01-21 12:52:22,1768999942,ARSENAL FC,ARS,True,3,2,0,0,W,False,3.0,3.0,2752.0,0.0,1.0,Erling Haaland,93,8
2026-01-21 10:29:28,1768991368,Dream FC,IND,True,1,1,0,0,D,False,2.0,1.0,1608.0,0.0,3.0,Erling Haaland,92,8
2026-01-21 10:16:50,1768990610,RAJIB CLUB,RJB,True,0,3,0,0,L,False,3.0,1.0,2577.0,2.0,0.0,A.Becker,91,8
2026-01-21 08:36:33,1768984593,Dream FC,KIG,True,4,0,0,0,W,False,7.0,4.0,3009.0,1.0,0.0,Antonio Rüdiger,93,8
2026-01-21 07:19:00,1768979940,ARGENTINA,ARG,False,2,4,0,0,L,False,4.0,2.0,2498.0,2.0,0.0,O. Dembélé,96,8
2026-01-21 04:14:09,1768968849,RAJA JR 07,RAJ,True,0,1,0,0,L,False,1.0,0.0,2654.0,1.0,0.0,Achraf Hakimi,92,8
2026-01-20 18:54:52,1768935292,BANGLADESH,BAN,False,0,0,0,0,D,False,6.0,1.0,2408.0,2.0,1.0,A.Becker,93,8
2026-01-20 18:46:10,1768934770,BARSALONA,BAR,True,3,0,0,0,W,False,3.0,1.0,2380.0,1.0,1.0,A.Becker,90,9
2026-01-20 18:38:58,1768934338,TIGER NET,OMG,True,0,1,0,0,L,False,3.0,1.0,1963.0,0.0,1.0,Federico Valverde,93,9
2026-01-20 18:10:06,1768932606,ARGENTINA,ARG,False,1,4,0,0,L,False,5.0,1.0,2332.0,0.0,0.0,Vinícius Júnior,90,9
2026-01-20 18:07:48,1768932468,REAL MADRID,CR7,True,3,0,0,0,W,False,2.0,2.0,893.0,1.0,0.0,Kylian Mbappé,29,9
2026-01-20 18:03:19,1768932199,NOAKALI,NOA,False,3,0,0,0,W,False,3.0,3.0,1076.0,0.0,0.0,Rodrigo,29,9
2026-01-20 12:26:34,1768911994,BARCELONA,BAR,True,0,3,0,0,L,False,0.0,0.0,137.0,0.0,0.0,Kylian Mbappé,7,9
2026-01-20 12:17:43,1768911463,ARGENTINA,AFA,False,4,1,0,0,W,False,8.0,4.0,2067.0,2.0,1.0,Virgil,74,9
2026-01-20 12:02:20,1768910540,FOOTBALL,ANS,False,2,0,0,0,W,False,5.0,2.0,2209.0,0.0,0.0,Erling Haaland,90,9
2026-01-20 09:07:31,1768900051,JILANI,JIL,True,1,1,0,0,D,False,4.0,1.0,2596.0,0.0,1.0,Kylian Mbappé,93,9
2026-01-20 09:05:40,1768899940,MHS      CLUB,MHS,False,3,0,0,0,W,False,0.0,0.0,284.0,0.0,0.0,Jude Bellingham,9,9
2026-01-20 08:32:07,1768897927,THAILAND,THA,False,1,2,0,0,L,False,6.0,1.0,2589.0,0.0,0.0,Erling Haaland,97,8
2026-01-20 08:23:41,1768897421,DARK,DRM,False,6,3,0,0,W,False,5.0,3.0,2749.0,0.0,0.0,Kylian Mbappé,90,8
2026-01-20 02:21:31,1768875691,REZAUL,REZ,True,0,3,0,0,L,False,1.0,0.0,470.0,0.0,0.0,Harry Kane,26,8
2026-01-19 18:57:32,1768849052,AAJIM,AAJ,False,0,5,0,0,L,False,2.0,1.0,2628.0,1.0,0.0,Erling Haaland,90,8
2026-01-19 17:23:47,1768843427,RHISU,RHI,True,1,1,0,0,D,False,11.0,3.0,2571.0,2.0,0.0,Antonio Rüdiger,93,8
2026-01-19 15:25:19,1768836319,Dream FC,DRE,True,3,0,0,0,W,False,5.0,3.0,572.0,1.0,0.0,Kylian Mbappé,26,8
2026-01-19 15:16:03,1768835763,Z FACTOR BD,Z F,False,2,2,0,0,D,False,3.0,2.0,2199.0,1.0,1.0,Jude Bellingham,90,8
2026-01-19 13:07:55,1768828075,RRR,RRR,False,3,1,0,0,W,False,6.0,3.0,2120.0,2.0,1.0,Kylian Mbappé,91,9
2026-01-19 12:36:07,1768826167,FC  SATAUK,SAT,True,1,1,0,0,D,False,6.0,3.0,1728.0,1.0,0.0,Kylian Mbappé,93,9
2026-01-19 12:28:45,1768825725,Dream FC,CUT,False,5,2,0,0,W,False,4.0,4.0,1540.0,0.0,0.0,Kylian Mbappé,68,9
2026-01-19 12:19:27,1768825167,WEED FC,WFC,True,4,0,0,0,W,False,9.0,6.0,2262.0,3.0,1.0,Kylian Mbappé,92,9
2026-01-19 05:19:59,1768799999,ROCK  STAR,BNP,True,4,4,0,0,D,False,7.0,6.0,2447.0,2.0,1.0,Kylian Mbappé,93,9
2026-01-19 05:16:14,1768799774,Dream FC,KAW,False,3,0,0,0,W,False,2.0,1.0,645.0,1.0,0.0,Kylian Mbappé,22,9
2026-01-19 05:08:30,1768799310,RABBIBOY,ASA,False,4,0,0,0,W,False,6.0,5.0,1407.0,1.0,1.0,Erling Haaland,48,9
2026-01-18 07:37:29,1768721849,TAHID,TAH,True,6,3,0,0,W,False,6.0,4.0,1863.0,0.0,0.0,Vinícius Júnior,62,10
2026-01-18 07:36:03,1768721763,INDIA,IND,False,0,3,0,0,L,False,0.0,0.0,409.0,0.0,0.0,Kylian Mbappé,11,10
2026-01-18 06:34:32,1768718072,BRASIL,CBF,True,0,3,0,0,L,False,2.0,1.0,2042.0,0.0,2.0,M. Salah,91,10
2026-01-18 06:20:42,1768717242,MOHEBUL,BAN,True,2,1,0,0,W,False,5.0,4.0,2439.0,0.0,0.0,Kylian Mbappé,90,10
2026-01-18 05:57:52,1768715872,MOKKZM,SUM,True,0,3,0,0,L,False,5.0,3.0,2304.0,0.0,0.0,Emiliano Martínez,93,10
2026-01-18 05:53:23,1768715603,Dream FC,BAR,True,3,0,0,0,W,False,2.0,1.0,1122.0,0.0,2.0,A.Becker,45,10
2026-01-17 11:57:02,1768651022,SADX,DLS,True,4,1,0,0,W,False,4.0,3.0,1133.0,1.0,0.0,Erling Haaland,50,10
2026-01-17 07:58:10,1768636690,TOUGH CITY,TCT,True,1,2,0,0,L,False,1.0,1.0,1557.0,0.0,1.0,Kylian Mbappé,92,10
2026-01-16 19:38:37,1768592317,SKYTOP,SKY,True,4,1,0,0,W,False,3.0,2.0,2129.0,0.0,0.0,Antonio Rüdiger,90,10
2026-01-16 13:06:09,1768568769,REAL MADRID,BRZ,False,3,0,0,0,W,False,2.0,2.0,1522.0,0.0,0.0,Virgil,90,10
2026-01-16 11:37:11,1768563431,KOLKATA GAINTS RANGERS,KGR,False,2,2,0,0,D,False,4.0,2.0,1671.0,0.0,1.0,Kevin De Bruyne,90,10
2026-01-16 11:35:32,1768563332,ALAHLY,ALA,False,0,3,0,0,L,False,1.0,0.0,313.0,0.0,0.0,Federico Valverde,6,10
2026-01-16 07:55:50,1768550150,LEMON FC,LEM,True,0,6,0,0,L,False,2.0,0.0,2070.0,1.0,0.0,Kylian Mbappé,93,10
2026-01-16 05:01:20,1768539680,POWER HOUSE,POW,False,2,1,0,0,W,False,7.0,4.0,2530.0,1.0,2.0,Robert Lewandowski,91,10
2026-01-16 04:56:37,1768539397,Dream FC,TAM,True,4,1,0,0,W,False,0.0,0.0,823.0,0.0,0.0,Federico Valverde,55,10
2026-01-15 18:18:40,1768501120,BANGLADESH FC,BAN,True,2,2,0,0,D,False,4.0,2.0,1771.0,1.0,1.0,Erling Haaland,90,10
2026-01-15 18:10:09,1768500609,REAL MADRID,REA,False,5,1,0,0,W,False,8.0,6.0,2761.0,0.0,1.0,Kylian Mbappé,90,10
2026-01-15 13:07:12,1768482432,EAST BENGAL,EAS,False,3,0,0,0,W,False,2.0,2.0,938.0,0.0,0.0,Kylian Mbappé,38,11
2026-01-15 11:18:21,1768475901,Dream FC,TAS,True,0,3,0,0,L,False,0.0,0.0,288.0,0.0,0.0,Marquinhos,9,11
2026-01-15 09:52:18,1768470738,ARS,ARS,True,3,0,0,0,W,False,0.0,0.0,479.0,0.0,0.0,Virgil,23,11
2026-01-15 09:44:11,1768470251,KBFC,KB,True,0,0,0,0,D,False,7.0,1.0,1989.0,1.0,3.0,Emiliano Martínez,96,11
2026-01-15 08:53:15,1768467195,BABUL,BAB,True,1,0,0,0,W,False,4.0,1.0,1800.0,1.0,0.0,Kylian Mbappé,92,11
2026-01-15 08:41:13,1768466473,Dream FC,NCC,False,8,0,0,0,W,False,17.0,7.0,2052.0,12.0,2.0,Martin Ødegaard,97,11
2026-01-14 18:15:01,1768414501,MD ARIF,KTM,False,0,3,0,0,L,False,0.0,0.0,2049.0,0.0,0.0,Harry Kane,96,10
2026-01-14 18:08:43,1768414123,BANGLADESH,BAN,True,4,1,0,0,W,False,4.0,4.0,1706.0,0.0,1.0,Kylian Mbappé,71,10
2026-01-14 15:19:14,1768403954,MESSI,FOY,True,3,1,0,0,W,False,8.0,3.0,2624.0,1.0,0.0,Kylian Mbappé,91,10
2026-01-14 12:33:16,1768393996,BACKBENCHERS,BAC,False,0,1,0,0,L,False,2.0,0.0,1395.0,0.0,1.0,Jules Koundé,93,10
2026-01-14 12:27:39,1768393659,BACKBENCHERS,BAC,False,0,1,0,0,L,False,3.0,2.0,1994.0,0.0,0.0,Antonio Rüdiger,90,10
2026-01-14 12:01:16,1768392076,Dream FC,RAM,True,1,4,0,0,L,False,2.0,2.0,1221.0,0.0,0.0,Robert Lewandowski,79,10
2026-01-14 06:03:38,1768370618,NEPAL,NEP,True,0,1,0,0,L,False,1.0,0.0,1101.0,0.0,2.0,Heungmin,90,10
2026-01-13 18:52:37,1768330357,EL DORADO,ELD,True,3,2,0,0,W,False,7.0,3.0,2091.0,0.0,2.0,Kylian Mbappé,93,10
2026-01-13 18:45:18,1768329918,FC BARCELONA,FCB,True,1,2,0,0,L,False,5.0,1.0,2064.0,1.0,1.0,Kevin De Bruyne,93,10
2026-01-13 13:43:26,1768311806,HACKER CITY KING,HCK,False,4,4,0,0,D,False,5.0,4.0,2262.0,0.0,1.0,Robert Lewandowski,96,10
2026-01-13 12:47:27,1768308447,CREZI  GEMAR,CRE,False,3,2,0,0,W,False,5.0,3.0,1984.0,0.0,0.0,Erling Haaland,95,10
2026-01-13 12:10:26,1768306226,BALUKAPARA AKADOS,BAL,False,0,3,0,0,L,False,3.0,1.0,1489.0,1.0,0.0,Virgil,93,10
2026-01-13 12:04:18,1768305858,SEZAN,SEZ,True,3,0,0,0,W,False,3.0,3.0,1702.0,1.0,1.0,Francesco Acerbi,61,10
2026-01-13 11:17:18,1768303038,CSK,MSD,False,2,3,0,0,L,False,5.0,2.0,2086.0,0.0,2.0,Andy Cole,90,10
2026-01-13 04:10:35,1768277435,BARZIL,BRA,False,1,5,0,0,L,False,2.0,1.0,2149.0,0.0,1.0,Lionel Messi,91,10
2026-01-13 03:09:24,1768273764,REAL MADRID,RAM,True,2,3,0,0,L,False,2.0,2.0,1936.0,0.0,0.0,Kylian Mbappé,93,10
2026-01-13 03:00:51,1768273251,AL HILAL FC,AL ,True,2,1,0,0,W,False,4.0,2.0,2257.0,1.0,1.0,Kylian Mbappé,93,10
2026-01-12 16:19:19,1768234759,Dream FC,DBD,True,1,4,0,0,L,False,2.0,1.0,2612.0,0.0,0.0,Gabriel Batistuta,94,10
2026-01-12 16:17:43,1768234663,SIRAJGONJ CITY,SIR,True,3,0,0,0,W,False,0.0,0.0,91.0,0.0,0.0,Antonio Rüdiger,4,10
2026-01-12 16:14:03,1768234443,THE JAHATS,THE,True,3,0,0,0,W,False,3.0,1.0,706.0,0.0,0.0,Federico Valverde,31,10
2026-01-12 12:05:23,1768219523,RIFAT,HAF,True,2,3,0,0,L,False,4.0,2.0,1704.0,0.0,2.0,Erling Haaland,92,9
2026-01-12 11:18:03,1768216683,BANGLADESH,BAN,False,3,4,0,0,L,False,7.0,4.0,2262.0,0.0,0.0,Kylian Mbappé,91,9
2026-01-12 11:11:32,1768216292,SAHAD,SAH,True,2,0,0,0,W,False,4.0,2.0,1622.0,0.0,0.0,Kylian Mbappé,56,9
2026-01-12 06:44:53,1768200293,NOOBRA THE  KOBRA,NUR,True,5,1,0,0,W,False,10.0,5.0,2021.0,1.0,0.0,Robert Lewandowski,94,9
2026-01-11 18:59:23,1768157963,YASIN AHMED,YAS,True,1,2,0,0,L,False,3.0,1.0,1941.0,1.0,1.0,Kylian Mbappé,90,9
2026-01-11 13:21:16,1768137676,BRAZIL,BRA,True,4,1,0,0,W,False,6.0,4.0,1673.0,0.0,1.0,Rodrigo,90,9
2026-01-11 07:20:54,1768116054,MEHEDI   FC,MHO,False,0,3,0,0,L,False,0.0,0.0,830.0,0.0,0.0,Erling Haaland,46,9
2026-01-11 05:25:36,1768109136,BUMBA,BAD,True,0,2,0,0,L,False,2.0,1.0,1882.0,0.0,2.0,N. Mendes,94,9
2026-01-11 05:13:29,1768108409,ARGENTINA,ARG,True,4,1,0,0,W,False,6.0,4.0,2469.0,0.0,0.0,Erling Haaland,95,9
2026-01-11 04:53:29,1768107209,ALLEN SC,ASC,False,1,2,0,0,L,False,1.0,1.0,1320.0,0.0,1.0,Romelu Lukaku,91,9
2026-01-11 04:43:36,1768106616,KIAAN X CR7,KIA,True,5,0,0,0,W,False,8.0,6.0,1566.0,0.0,1.0,Kylian Mbappé,48,9
2026-01-10 17:27:35,1768066055,Dream FC,LAM,False,1,1,0,0,D,False,7.0,3.0,2144.0,1.0,2.0,Nuno,90,9
2026-01-10 14:50:35,1768056635,B C K,FOT,True,0,3,0,0,L,False,0.0,0.0,566.0,0.0,0.0,Lionel Messi,26,9
2026-01-10 11:31:48,1768044708,SHAKIBIAN,SKN,True,1,5,0,0,L,False,3.0,2.0,1778.0,1.0,0.0,Erling Haaland,86,8
2026-01-10 11:18:43,1768043923,MD NAIME GAGZI,BIG,False,3,0,0,0,W,False,4.0,3.0,1899.0,0.0,0.0,Erling Haaland,69,8
2026-01-10 08:58:52,1768035532,PORTUGAL,ABC,True,2,2,0,0,D,False,4.0,2.0,1876.0,0.0,2.0,Erling Haaland,93,8
2026-01-10 08:50:44,1768035044,FC BARCELONA,BCL,False,2,6,0,0,L,False,2.0,2.0,2089.0,0.0,0.0,Kylian Mbappé,92,8
2026-01-10 08:42:52,1768034572,REALMADRID MEDICINE,ARS,True,1,3,0,0,L,False,4.0,1.0,2101.0,0.0,0.0,Andy Cole,93,8
2026-01-09 18:27:04,1767983224,SIXNINE,SIX,True,0,2,0,0,L,False,0.0,0.0,2310.0,0.0,1.0,Virgil,93,8
2026-01-09 18:12:37,1767982357,Dream FC,SHU,True,5,2,0,0,W,False,6.0,4.0,2265.0,2.0,1.0,Kylian Mbappé,90,8
2026-01-09 18:05:08,1767981908,M C,MC9,True,5,1,0,0,W,False,5.0,5.0,1618.0,0.0,0.0,Kylian Mbappé,55,9
2026-01-09 11:56:01,1767959761,REAL MADRID CF,RMA,True,3,0,0,0,W,False,9.0,4.0,2282.0,1.0,1.0,Erling Haaland,82,9
2026-01-09 11:47:35,1767959255,MOUNT AVERST,MOU,False,3,0,0,0,W,False,5.0,3.0,1752.0,0.0,3.0,A.Becker,74,9
2026-01-09 11:42:25,1767958945,Dream FC,HMS,False,4,1,0,0,W,False,3.0,0.0,995.0,1.0,0.0,Williams Jr,45,9
2026-01-09 09:38:45,1767951525,INDIAN  BLASTERS,INB,True,3,0,0,0,W,False,4.0,3.0,1750.0,0.0,1.0,Kylian Mbappé,61,9
2026-01-09 07:49:10,1767944950,Dream FC,RAY,False,2,1,0,0,W,False,6.0,2.0,2180.0,1.0,2.0,Kevin De Bruyne,93,9
2026-01-09 04:44:29,1767933869,SPARK FC,SPA,True,4,4,0,0,D,False,6.0,4.0,2400.0,1.0,0.0,Andy Cole,95,10
2026-01-09 02:00:08,1767924008,HASIB  KHAN,HAS,False,2,0,0,0,W,False,5.0,3.0,1947.0,1.0,0.0,Antonio Rüdiger,70,10
2026-01-08 18:27:43,1767896863,BANGLADESH,BAN,True,1,4,0,0,L,False,3.0,1.0,1380.0,0.0,1.0,Kylian Mbappé,93,10
2026-01-08 16:26:44,1767889604,ZILLU,ZIL,True,2,5,0,0,L,False,2.0,2.0,825.0,0.0,1.0,Rodrigo,44,10
2026-01-08 16:24:35,1767889475,ALZAWRA,AZW,True,3,0,0,0,W,False,0.0,0.0,190.0,0.0,0.0,N. Mendes,3,10
2026-01-08 10:08:37,1767866917,ABAHONI,ABH,True,2,3,0,0,L,False,6.0,2.0,2093.0,2.0,2.0,Erling Haaland,94,10
2026-01-08 09:59:29,1767866369,TRS MASUD,TRS,True,2,1,0,0,W,False,10.0,3.0,2522.0,1.0,2.0,Viktor Gyökeres,90,10
2026-01-08 09:39:55,1767865195,Dream FC,JUR,False,2,1,0,0,W,False,3.0,2.0,1844.0,0.0,2.0,Robert Lewandowski,93,10
2026-01-08 09:31:12,1767864672,BARCELONA,FCB,True,1,2,0,0,L,False,3.0,1.0,1778.0,1.0,1.0,Cristiano Ronaldo,90,9
2026-01-07 11:46:46,1767786406,MANOJ CR7,CR7,False,3,0,0,0,W,False,4.0,2.0,825.0,2.0,1.0,Rodrigo,35,9
2026-01-07 11:39:07,1767785947,SISO KISOR,SIS,True,0,1,0,0,L,False,2.0,1.0,1915.0,0.0,2.0,Micky van de Ven,93,9
2026-01-07 11:36:22,1767785782,MANCHESTER   CITY,CIT,True,3,0,0,0,W,False,1.0,0.0,354.0,0.0,1.0,Erling Haaland,10,9
2026-01-07 06:26:02,1767767162,Dream FC,AFA,False,1,3,0,0,L,False,5.0,2.0,2162.0,1.0,0.0,Erling Haaland,92,9
2026-01-07 06:14:09,1767766449,BANGLADESH,BGD,True,2,2,0,0,D,False,4.0,2.0,2228.0,1.0,0.0,Erling Haaland,94,9
2026-01-07 02:17:46,1767752266,GM JILANI  BANGLADAH,GMJ,True,0,4,0,0,L,False,1.0,1.0,2419.0,0.0,1.0,Lautaro,96,9
2026-01-06 09:28:00,1767691680,Dream FC,BAG,False,1,4,0,0,L,False,2.0,2.0,1131.0,0.0,0.0,M. Salah,54,8
2026-01-06 09:23:24,1767691404,BANGLADESH,BGD,False,0,4,0,0,L,False,1.0,1.0,873.0,0.0,0.0,Erling Haaland,40,8
2026-01-06 07:44:42,1767685482,TUHED    AHMED,CBF,True,2,3,0,0,L,False,3.0,3.0,1918.0,0.0,0.0,Kylian Mbappé,91,8
2026-01-05 06:07:31,1767593251,ARGENTINA,ARG,False,2,3,0,0,L,False,2.0,2.0,2314.0,0.0,1.0,Cristiano Ronaldo,93,8
2026-01-05 05:14:21,1767590061,ADNAN,SKA,False,3,2,0,0,W,False,5.0,3.0,2650.0,0.0,3.0,Federico Valverde,95,8
2026-01-04 03:12:48,1767496368,Dream FC,CHE,True,4,4,0,0,D,False,4.0,4.0,2395.0,0.0,0.0,Andy Cole,93,8
2026-01-03 21:11:33,1767474693,ARIF FOOTBALL CLUB,AFC,True,0,4,0,0,L,False,0.0,0.0,1900.0,0.0,1.0,Kylian Mbappé,92,8
2026-01-03 19:34:05,1767468845,BANGLADASH,BAN,False,1,1,0,0,D,False,4.0,3.0,1634.0,3.0,0.0,Gabriel Batistuta,91,7
2026-01-03 17:27:03,1767461223,REAL MADRID FC,REA,True,1,2,0,0,L,False,2.0,1.0,1779.0,0.0,2.0,Marcus Rashford,96,7
2026-01-03 17:19:33,1767460773,SAGOR,SAG,True,5,2,0,0,W,False,2.0,1.0,2148.0,0.0,0.0,Lautaro,89,7
2026-01-03 11:36:01,1767440161,EDDIE,DFC,True,5,4,0,0,W,False,8.0,6.0,2467.0,1.0,2.0,Erling Haaland,94,7
2026-01-03 03:13:45,1767410025,MALABAR FC,MFC,False,0,5,0,0,L,False,2.0,0.0,1626.0,0.0,2.0,Cristiano Ronaldo,98,7
2026-01-03 03:06:01,1767409561,RAFI,RAF,True,1,3,0,0,L,False,1.0,1.0,1952.0,0.0,1.0,Erling Haaland,92,7
2026-01-02 19:23:18,1767381798,Dream FC,STP,True,3,2,0,0,W,False,7.0,6.0,2830.0,1.0,2.0,Erling Haaland,91,7
2026-01-02 19:16:15,1767381375,BARCALONA,OPU,False,0,3,0,0,L,False,4.0,0.0,1865.0,1.0,0.0,Federico Valverde,93,7
2026-01-02 19:10:56,1767381056,BARCELONA,BAR,True,4,1,0,0,W,False,4.0,4.0,1157.0,0.0,0.0,Erling Haaland,32,8
2026-01-02 19:02:33,1767380553,BANGLADESH,BAN,False,4,4,0,0,D,False,7.0,4.0,2431.0,2.0,1.0,Kylian Mbappé,92,8
2026-01-02 18:38:25,1767379105,Dream FC,INT,False,0,3,0,0,L,False,0.0,0.0,1778.0,0.0,2.0,Pedri,91,8
2026-01-02 18:29:06,1767378546,AKAS ALI 47,AKA,False,5,4,0,0,W,False,9.0,5.0,2599.0,1.0,1.0,Kylian Mbappé,90,8
2026-01-02 17:11:00,1767373860,BRAZEL,BRA,True,5,3,0,0,W,False,10.0,7.0,2483.0,2.0,0.0,Kylian Mbappé,88,8
2026-01-02 17:04:33,1767373473,BARCELONA,BRA,False,4,1,0,0,W,False,4.0,4.0,1427.0,0.0,0.0,Kylian Mbappé,57,8
2026-01-02 02:34:44,1767321284,Dream FC,MIA,True,3,0,0,0,W,False,1.0,1.0,720.0,0.0,0.0,Kylian Mbappé,27,8
2026-01-01 17:23:52,1767288232,ROBAYET,ROB,True,2,4,0,0,L,False,7.0,4.0,2533.0,1.0,0.0,J. Alvarez,90,8
2026-01-01 17:13:07,1767287587,ANIK KHAN TIGERS,AKT,True,2,1,0,0,W,False,4.0,3.0,2107.0,0.0,1.0,Kylian Mbappé,94,8
2026-01-01 13:08:46,1767272926,RELMARJD,MNC,True,2,4,0,0,L,False,5.0,3.0,2869.0,0.0,0.0,Kylian Mbappé,90,7
2026-01-01 06:31:33,1767249093,KHUKON AHMED SANTO,ARG,True,4,1,0,0,W,False,4.0,3.0,2415.0,0.0,0.0,Kylian Mbappé,76,7
2025-12-31 13:52:46,1767189166,FOKHRUL,CBF,True,1,4,0,0,L,False,3.0,1.0,1811.0,0.0,0.0,Mario Balotelli,77,7
2025-12-31 12:01:55,1767182515,Dream FC,BFC,False,4,1,0,0,W,False,6.0,4.0,2358.0,0.0,1.0,Erling Haaland,89,7
2025-12-31 11:53:49,1767182029,OOO,OOO,False,1,1,0,0,D,False,2.0,0.0,2161.0,0.0,1.0,Erling Haaland,99,7
2025-12-31 04:28:26,1767155306,KBFC,KBF,False,1,4,0,0,L,False,2.0,1.0,997.0,0.0,1.0,Cristiano Ronaldo,48,7
2025-12-31 04:17:48,1767154668,BANGLADESH,BAN,False,2,4,0,0,L,False,3.0,2.0,2066.0,0.0,0.0,Kylian Mbappé,95,7
2025-12-30 18:41:34,1767120094,BRAZIL,BRA,False,3,0,0,0,W,False,3.0,1.0,724.0,0.0,0.0,Robert Lewandowski,20,7
2025-12-30 18:31:19,1767119479,INDIA,IND,False,4,2,0,0,W,False,6.0,4.0,2799.0,0.0,2.0,Kylian Mbappé,90,7
2025-12-30 18:13:15,1767118395,Dream FC,MTC,False,2,3,0,0,L,False,4.0,2.0,2472.0,0.0,0.0,Lionel Messi,91,7
2025-12-30 18:05:14,1767117914,SADA FC,SAD,True,4,1,0,0,W,False,4.0,4.0,2390.0,0.0,2.0,Martin Ødegaard,77,7
2025-12-30 17:56:17,1767117377,ALONE CITY,ALO,True,2,1,0,0,W,False,7.0,2.0,2422.0,1.0,0.0,Erling Haaland,94,7
2025-12-30 17:13:38,1767114818,RIFAT JR,CBF,True,1,5,0,0,L,False,6.0,1.0,2241.0,1.0,0.0,Kylian Mbappé,92,7
2025-12-30 13:03:30,1767099810,PROSOCCERGIANTS FC,PSG,True,1,4,0,0,L,False,3.0,2.0,1600.0,1.0,0.0,Kylian Mbappé,57,7
2025-12-30 12:55:20,1767099320,PROSOCCERGIANTS FC,PSG,True,1,3,0,0,L,False,4.0,2.0,2483.0,1.0,3.0,Harry Kane,95,7
2025-12-30 10:29:28,1767090568,PROSOCCERGIANTS FC,PSG,True,8,5,0,0,W,False,9.0,5.0,3038.0,3.0,0.0,Erling Haaland,111,7
2025-12-30 10:22:54,1767090174,PROSOCCERGIANTS FC,PSG,True,2,1,0,0,W,False,5.0,3.0,2824.0,0.0,1.0,Kylian Mbappé,91,7
2025-12-30 10:04:45,1767089085,PROSOCCERGIANTS FC,PSG,True,1,4,0,0,L,False,4.0,2.0,2449.0,1.0,0.0,Kevin De Bruyne,92,7
2025-12-30 09:51:57,1767088317,BACKBENCHERS,BAC,False,3,5,0,0,L,False,4.0,3.0,2594.0,0.0,4.0,Lionel Messi,122,7
2025-12-30 09:44:17,1767087857,BACKBENCHERS,BAC,False,2,5,0,0,L,False,3.0,2.0,2399.0,0.0,2.0,Erling Haaland,93,7
2025-12-30 08:05:39,1767081939,REAL MADRID,AHM,False,3,0,0,0,W,False,3.0,2.0,1342.0,0.0,0.0,Kylian Mbappé,43,8
2025-12-30 08:00:02,1767081602,LIVERPOOL,LIV,False,4,1,0,0,W,False,1.0,1.0,1029.0,0.0,1.0,Kylian Mbappé,37,8
2025-12-30 05:20:02,1767072002,DHAKA,CAP,False,2,1,0,0,W,False,6.0,4.0,2595.0,0.0,0.0,Tony Adams,93,8
2025-12-30 02:25:36,1767061536,FC  STRIKERS,FCB,False,0,3,0,0,L,False,4.0,2.0,1887.0,0.0,2.0,M. Salah,68,8
2025-12-29 18:24:12,1767032652,REAL MADRID,RM1,False,1,2,0,0,L,False,3.0,2.0,2006.0,0.0,1.0,Federico Valverde,92,8
2025-12-29 17:12:05,1767028325,KUDA,KUD,False,4,1,0,0,W,False,7.0,2.0,2114.0,0.0,1.0,Erling Haaland,83,8
2025-12-29 17:00:19,1767027619,BANGLADESH FOODBALL FEDARATION,BFF,True,5,2,0,0,W,False,1.0,1.0,1713.0,0.0,0.0,Leon Bailey,70,8
2025-12-29 12:49:42,1767012582,SPAIN,SPA,False,3,2,0,0,W,False,5.0,3.0,2294.0,1.0,3.0,Kylian Mbappé,91,8
2025-12-29 12:45:11,1767012311,BARSA,BBB,True,3,0,0,0,W,False,3.0,1.0,436.0,1.0,1.0,Kevin De Bruyne,13,8
2025-12-29 12:37:22,1767011842,SAKIB VAI,SAK,False,2,2,0,0,D,False,7.0,3.0,2293.0,2.0,1.0,O. Dembélé,93,8
2025-12-29 09:15:43,1766999743,ST SAREN,PAG,False,1,4,0,0,L,False,1.0,1.0,2546.0,0.0,1.0,Kylian Mbappé,94,8
2025-12-29 08:43:18,1766997798,REAL MADRID CF,RMA,False,2,5,0,0,L,False,7.0,2.0,2616.0,2.0,0.0,Viktor Gyökeres,95,8
2025-12-29 08:34:38,1766997278,KOLKATA TIGER IND,KOL,False,2,3,0,0,L,False,4.0,3.0,2463.0,0.0,0.0,M. Salah,90,8
2025-12-29 08:30:02,1766997002,CHELSEA,CHE,False,3,0,0,0,W,False,4.0,3.0,1252.0,0.0,0.0,Viktor Gyökeres,37,8
2025-12-29 07:44:10,1766994250,MAHRAAN MEHMUD,MRD,False,5,1,0,0,W,False,9.0,6.0,3056.0,1.0,3.0,Erling Haaland,94,8
2025-12-29 07:42:26,1766994146,ANAS  AIVI,AFC,False,3,0,0,0,W,False,1.0,1.0,397.0,0.0,1.0,Erling Haaland,8,8
2025-12-29 07:19:36,1766992776,SOJIB,SOJ,True,1,3,0,0,L,False,3.0,2.0,1908.0,1.0,2.0,Jude Bellingham,100,8
2025-12-29 06:21:26,1766989286,DANGER ELEVENS,DFC,True,4,1,0,0,W,False,8.0,5.0,2894.0,0.0,0.0,Erling Haaland,88,8
2025-12-28 01:56:55,1766887015,KERALA BLASTERS,KBF,True,2,2,0,0,D,False,3.0,2.0,1961.0,0.0,0.0,Vinícius Júnior,92,8
2025-12-28 01:49:16,1766886556,MONIR FC,MON,False,3,0,0,0,W,False,8.0,3.0,2174.0,1.0,1.0,Kylian Mbappé,79,8
2025-12-27 18:45:13,1766861113,DHAKA RANGERS,DHA,True,0,2,0,0,L,False,2.0,1.0,2185.0,1.0,2.0,Alessandro Bastoni,91,8
2025-12-27 18:35:09,1766860509,KERALA,ATL,True,4,4,0,0,D,False,6.0,5.0,2868.0,1.0,0.0,Kylian Mbappé,93,8
2025-12-27 17:27:29,1766856449,FC ALNASER CR7,CR7,False,5,4,0,0,W,False,5.0,5.0,2400.0,0.0,4.0,Kylian Mbappé,92,9
2025-12-27 17:24:29,1766856269,BRAZIL,BRA,False,3,0,0,0,W,False,2.0,2.0,509.0,0.0,0.0,Kylian Mbappé,11,9
2025-12-27 17:10:19,1766855419,INDIA,IND,False,4,2,0,0,W,False,7.0,5.0,2925.0,1.0,0.0,Kylian Mbappé,97,9
2025-12-26 11:30:15,1766748615,ARSENAL,ARS,True,3,0,0,0,W,False,6.0,3.0,992.0,1.0,1.0,Kylian Mbappé,29,9
2025-12-26 11:20:45,1766748045,Dream FC,ANR,False,2,2,0,0,D,False,5.0,3.0,2536.0,1.0,3.0,Erling Haaland,93,9
2025-12-26 10:07:02,1766743622,MANCHESTER CITY,MNC,True,3,0,0,0,W,False,3.0,1.0,989.0,1.0,1.0,Rodrigo,32,9
2025-12-26 08:23:36,1766737416,ATK,ATK,True,4,1,0,0,W,False,3.0,3.0,1899.0,0.0,2.0,Viktor Gyökeres,61,9
2025-12-26 08:16:22,1766736982,TONMOY,SRB,True,1,2,0,0,L,False,2.0,1.0,2084.0,0.0,1.0,Kylian Mbappé,95,9
2025-12-26 05:58:35,1766728715,MANCHESTER,CIT,True,1,3,0,0,L,False,7.0,2.0,2192.0,2.0,2.0,Kylian Mbappé,93,9
2025-12-26 05:53:52,1766728432,TAJIM  FC,TFC,False,1,0,0,0,W,False,2.0,2.0,1423.0,0.0,1.0,Kylian Mbappé,45,9
2025-12-26 05:45:29,1766727929,BRAZIL,BRA,True,1,7,0,0,L,False,4.0,3.0,2100.0,2.0,0.0,Kylian Mbappé,93,9
2025-12-26 04:20:40,1766722840,FARRUK,FAR,False,1,10,0,0,L,False,3.0,1.0,2599.0,0.0,0.0,Kylian Mbappé,90,9
2025-12-25 17:46:02,1766684762,ESTEGHLAL FC,FCE,True,5,3,0,0,W,False,10.0,7.0,3090.0,1.0,0.0,Erling Haaland,90,9
2025-12-25 17:41:01,1766684461,EMMA,EMM,True,4,0,0,0,W,False,6.0,4.0,1503.0,0.0,0.0,Robert Lewandowski,45,9
2025-12-25 17:31:47,1766683907,BRAZIL FC,BRA,True,5,2,0,0,W,False,5.0,5.0,2044.0,1.0,1.0,Kylian Mbappé,80,9
2025-12-25 16:43:46,1766681026,BRAZIL,BRA,True,0,3,0,0,L,False,4.0,0.0,2276.0,2.0,2.0,Rúben,95,8
2025-12-25 15:58:13,1766678293,Dream FC,JUN,True,0,0,0,0,D,False,5.0,1.0,2842.0,0.0,1.0,Virgil,91,8
2025-12-25 03:11:32,1766632292,NAYMER BRAZIL,MEG,False,3,3,0,0,D,False,6.0,4.0,2961.0,1.0,1.0,Erling Haaland,93,8
2025-12-24 20:06:39,1766606799,TIGER,TIG,False,1,2,0,0,L,False,8.0,4.0,1547.0,2.0,1.0,Andrey Santos,90,8
2025-12-24 12:32:59,1766579579,Dream FC,SAI,True,1,3,0,0,L,False,12.0,2.0,2974.0,1.0,1.0,Harry Kane,95,8
2025-12-24 12:26:00,1766579160,FCBIMAN,FCB,True,1,0,0,0,W,False,3.0,2.0,2501.0,0.0,0.0,William Saliba,91,8
2025-12-24 12:18:09,1766578689,YOUR DAD,YOU,True,0,3,0,0,L,False,4.0,0.0,2006.0,1.0,2.0,Robert Lewandowski,91,8
2025-12-24 09:58:37,1766570317,K I N G   S A L M A N,KLN,False,3,4,0,0,L,False,2.0,2.0,2534.0,0.0,0.0,Erling Haaland,95,8
2025-12-24 09:05:22,1766567122,VIVEK,VIV,True,0,3,0,0,L,False,1.0,0.0,502.0,0.0,0.0,Erling Haaland,18,8
2025-12-24 08:45:30,1766565930,ARGENTINA,AFA,True,5,2,0,0,W,False,3.0,1.0,1652.0,1.0,1.0,Robert Lewandowski,63,9
2025-12-24 08:43:59,1766565839,FC BARCELONA,FCB,True,3,0,0,0,W,False,2.0,1.0,614.0,0.0,0.0,Dani Olmo,19,9
2025-12-24 06:43:47,1766558627,FC BARCALONA,FCB,True,3,4,0,0,L,False,5.0,3.0,2139.0,1.0,1.0,Robert Lewandowski,94,9
2025-12-24 06:35:15,1766558115,JOY BD,JOY,False,3,0,0,0,W,False,5.0,4.0,2518.0,2.0,0.0,Antonio Rüdiger,90,9
2025-12-24 06:27:55,1766557675,SN SEVEN,SN7,False,3,0,0,0,W,False,8.0,4.0,2706.0,1.0,1.0,Erling Haaland,95,9
2025-12-24 05:53:02,1766555582,KING   STAR,KIN,True,0,3,0,0,L,False,3.0,2.0,1128.0,1.0,0.0,A.Becker,45,9
2025-12-24 05:43:52,1766555032,BARCELONA,BAR,False,2,1,0,0,W,False,3.0,3.0,1696.0,0.0,0.0,Harry Kane,92,9
2025-12-24 05:34:40,1766554480,TUSHER,TUS,False,5,2,0,0,W,False,11.0,4.0,2832.0,1.0,0.0,Erling Haaland,90,9
2025-12-24 03:55:31,1766548531,Dream FC,CKF,False,2,2,0,0,D,False,3.0,2.0,2354.0,0.0,0.0,Eduardo Camavinga,93,10
2025-12-24 03:47:29,1766548049,WASAFI,WAS,True,2,0,0,0,W,False,5.0,2.0,2491.0,1.0,1.0,William Saliba,94,10
2025-12-23 20:50:56,1766523056,FC RAIHAN,RFC,False,0,1,0,0,L,False,2.0,1.0,1805.0,0.0,0.0,Alessandro Bastoni,91,10
2025-12-23 20:41:57,1766522517,BORUSSIA DORTMUND,BMD,True,2,1,0,0,W,False,6.0,3.0,2173.0,1.0,0.0,Antonio Rüdiger,93,10
2025-12-23 20:33:49,1766522029,PANCHESTER KUNAITED,PEK,False,4,1,0,0,W,False,8.0,6.0,2738.0,1.0,0.0,Erling Haaland,94,10
2025-12-23 17:12:34,1766509954,RANA,RAN,True,3,2,0,0,W,False,8.0,3.0,2433.0,1.0,1.0,Erling Haaland,96,10
2025-12-23 16:07:56,1766506076,INDIABSFFC,IND,False,2,2,0,0,D,False,4.0,2.0,2315.0,0.0,4.0,Lionel Messi,96,10
2025-12-23 13:16:38,1766495798,BACKBENCHERS,BAC,False,2,3,0,0,L,False,6.0,2.0,2339.0,2.0,1.0,Kylian Mbappé,92,9
2025-12-23 13:06:24,1766495184,NEYMAR,NEY,True,1,2,0,0,L,False,3.0,1.0,2048.0,0.0,1.0,Erling Haaland,92,9
2025-12-23 10:13:30,1766484810,PROSOCCERGIANTS FC,PSG,True,3,5,0,0,L,False,5.0,4.0,3700.0,1.0,1.0,Kevin De Bruyne,120,9
2025-12-23 10:08:41,1766484521,PROSOCCERGIANTS FC,PSG,True,5,2,0,0,W,False,4.0,3.0,2018.0,0.0,1.0,Robert Lewandowski,61,9
2025-12-23 10:04:13,1766484253,MAHFUJ,BFF,False,4,1,0,0,W,False,3.0,2.0,1331.0,0.0,0.0,Robert Lewandowski,45,9
2025-12-23 07:33:31,1766475211,LASKAR,LAS,True,4,1,0,0,W,False,4.0,3.0,1899.0,0.0,1.0,Kylian Mbappé,74,9
2025-12-23 06:43:55,1766472235,VK AJIT,VKA,False,1,4,0,0,L,False,3.0,2.0,2457.0,0.0,0.0,Nicolò Barella,90,9
2025-12-23 06:34:15,1766471655,SUBROTO11,SUB,False,0,3,0,0,L,False,1.0,0.0,2137.0,0.0,0.0,Lautaro,92,9
2025-12-22 18:14:42,1766427282,FC FH,FCF,False,0,2,0,0,L,False,5.0,3.0,2310.0,0.0,0.0,G. Ramos,92,9
2025-12-22 14:42:44,1766414564,SIMANTO,SIM,False,1,1,3,4,PL,True,4.0,1.0,3618.0,0.0,1.0,Erling Haaland,121,8
2025-12-22 13:38:06,1766410686,SAIF AHMED,BAN,False,3,4,0,0,L,False,9.0,4.0,3429.0,2.0,4.0,Viktor Gyökeres,120,8
2025-12-22 13:31:07,1766410267,R    C    B,RCB,False,1,2,0,0,L,False,3.0,2.0,1887.0,1.0,1.0,Rodrigo,102,8
2025-12-22 11:27:21,1766402841,Dream FC,MMM,True,0,4,0,0,L,False,1.0,0.0,2217.0,0.0,0.0,Kylian Mbappé,93,8
2025-12-22 08:54:23,1766393663,CHITTAGONG ABAHANI,CTB,False,0,3,0,0,L,False,2.0,0.0,898.0,0.0,0.0,Alexander Sørloth,35,8
2025-12-22 08:50:45,1766393445,STEGHIAI,STL,True,4,1,0,0,W,False,5.0,2.0,1320.0,1.0,0.0,Robert Lewandowski,39,8
2025-12-22 08:11:52,1766391112,GIHAN,GIH,False,0,4,0,0,L,False,1.0,0.0,1877.0,0.0,1.0,Federico Valverde,86,8
2025-12-22 07:46:27,1766389587,BRAZIL,BRA,True,3,1,0,0,W,False,9.0,3.0,3092.0,1.0,2.0,Kylian Mbappé,90,8
2025-12-22 07:41:23,1766389283,KKOYEL SPORTING,KKO,True,3,0,0,0,W,False,3.0,1.0,966.0,0.0,0.0,Robert Lewandowski,45,8
2025-12-21 18:50:15,1766343015,GANA,GAN,False,0,1,0,0,L,False,4.0,1.0,1976.0,0.0,1.0,Marcos Senesi,92,8
2025-12-21 05:41:33,1766295693,BRAZIL,CBF,True,6,2,0,0,W,False,10.0,7.0,2621.0,2.0,0.0,Kylian Mbappé,90,8
2025-12-21 05:33:12,1766295192,Dream FC,SAM,True,4,0,0,0,W,False,6.0,4.0,2278.0,0.0,0.0,Kylian Mbappé,81,8
2025-12-20 18:09:52,1766254192,RAJ FC,RAJ,True,4,5,0,0,L,False,8.0,4.0,3421.0,2.0,1.0,Harry Kane,120,8
2025-12-20 16:20:28,1766247628,JOY BD,JOY,True,1,4,0,0,L,False,5.0,2.0,2869.0,0.0,1.0,Erling Haaland,92,8
2025-12-20 15:57:00,1766246220,JOY FC,JOY,True,3,0,0,0,W,False,4.0,2.0,1841.0,1.0,1.0,Kylian Mbappé,72,9
2025-12-20 12:53:04,1766235184,ARSENAL,ARS,True,1,0,0,0,W,False,5.0,2.0,2551.0,0.0,1.0,Kylian Mbappé,94,9
2025-12-20 12:47:39,1766234859,BRAZIL,BRA,True,5,2,0,0,W,False,1.0,1.0,1332.0,0.0,0.0,Cristiano Ronaldo,45,9
2025-12-20 12:33:40,1766234020,TIGER FC,TIG,True,1,2,0,0,L,False,7.0,4.0,2521.0,2.0,1.0,William Saliba,94,9
2025-12-20 12:31:44,1766233904,Dream FC,BRA,False,3,0,0,0,W,False,1.0,1.0,273.0,0.0,0.0,Robert Lewandowski,8,9
2025-12-20 07:55:04,1766217304,SOMALIA,SOM,True,0,1,0,0,L,False,4.0,0.0,1578.0,0.0,0.0,Christian Pulisic,92,9
2025-12-20 06:39:08,1766212748,SUTNGA F C B,ALZ,True,2,2,4,3,PW,True,3.0,2.0,2934.0,0.0,0.0,Erling Haaland,121,9
2025-12-20 06:19:59,1766211599,BARCELONA,BAR,False,2,7,0,0,L,False,3.0,3.0,2508.0,0.0,0.0,Erling Haaland,95,9
2025-12-20 04:27:20,1766204840,TOM999,TOM,True,0,3,0,0,L,False,0.0,0.0,637.0,0.0,0.0,Antonio Rüdiger,33,8
2025-12-20 04:20:34,1766204434,BABA GROUP,BAB,True,5,2,0,0,W,False,5.0,3.0,2173.0,0.0,0.0,Erling Haaland,80,8
2025-12-20 03:24:32,1766201072,N AND N FC,NFC,False,3,3,3,1,PW,True,5.0,4.0,3034.0,1.0,1.0,Kevin De Bruyne,120,8
2025-12-20 03:17:18,1766200638,MD RAHAT,BAF,False,0,1,0,0,L,False,3.0,1.0,2593.0,1.0,0.0,Marquinhos,92,8
2025-12-20 03:14:47,1766200487,ALIF FC,ALI,True,0,3,0,0,L,False,0.0,0.0,533.0,0.0,1.0,Kylian Mbappé,19,8
2025-12-19 18:04:07,1766167447,BLACK  MAN,BKM,False,3,5,0,0,L,False,6.0,3.0,2107.0,1.0,0.0,Kylian Mbappé,95,8
2025-12-19 17:51:28,1766166688,SC RAJSHAHI,RAJ,False,2,2,4,5,PL,True,6.0,2.0,3444.0,1.0,0.0,Jude Bellingham,120,8
2025-12-19 15:34:07,1766158447,MEHRAJ HOSSEN,MEH,True,1,4,0,0,L,False,5.0,1.0,2363.0,2.0,2.0,Kylian Mbappé,92,8
2025-12-19 07:04:29,1766127869,RONALDO,RON,False,4,3,0,0,W,False,7.0,6.0,4210.0,0.0,0.0,Erling Haaland,120,7
2025-12-17 18:54:59,1765997699,PROSOCCERGIANTS FC,PSG,True,1,4,0,0,L,False,5.0,1.0,2240.0,1.0,1.0,Kevin De Bruyne,92,7
2025-12-17 18:35:15,1765996515,PROSOCCERGIANTS FC,PSG,True,0,5,0,0,L,False,2.0,1.0,2063.0,0.0,2.0,Kevin De Bruyne,91,7
2025-12-16 18:24:39,1765909479,MOGLII,786,False,0,1,0,0,L,False,2.0,1.0,2159.0,1.0,0.0,Antonio Rüdiger,91,7
2025-12-16 18:21:49,1765909309,Dream FC,MMM,False,3,0,0,0,W,False,2.0,2.0,635.0,0.0,0.0,Robert Lewandowski,12,7
2025-12-16 08:21:14,1765873274,ARGENTINA,ARG,False,1,4,0,0,L,False,5.0,3.0,3056.0,0.0,0.0,Jude Bellingham,121,7
2025-12-16 07:29:15,1765870155,RIAL MADRID FENE,ZZZ,True,1,2,0,0,L,False,6.0,3.0,1871.0,1.0,0.0,Thibaut Courtois,93,7
2025-12-16 07:22:56,1765869776,SUNNY LEON,DRM,True,4,1,0,0,W,False,3.0,1.0,1750.0,1.0,0.0,Federico Valverde,82,7
2025-12-16 07:21:20,1765869680,Dream FC,RFC,False,3,0,0,0,W,False,1.0,1.0,402.0,0.0,0.0,Kylian Mbappé,11,7
2025-12-16 06:57:11,1765868231,REAL MADRID,CBF,False,4,3,0,0,W,False,12.0,6.0,3725.0,1.0,1.0,Robert Lewandowski,123,7
2025-12-15 09:26:45,1765790805,FC BANGLA,FC,False,0,3,0,0,L,False,0.0,0.0,1299.0,0.0,0.0,Erling Haaland,64,7
2025-12-15 04:16:25,1765772185,Dream FC,BGD,False,2,0,0,0,W,False,6.0,3.0,2670.0,1.0,0.0,Kylian Mbappé,88,7
2025-12-15 03:54:36,1765770876,BRAZIL,BRA,True,3,0,0,0,W,False,1.0,1.0,215.0,0.0,0.0,Robert Lewandowski,2,7
2025-12-14 17:58:40,1765735120,KAZIRA SPORTING CLUB,JRS,True,2,5,0,0,L,False,5.0,2.0,2709.0,0.0,0.0,Kylian Mbappé,96,7
2025-12-13 11:51:43,1765626703,SAYEM,FCA,False,1,0,0,0,W,False,4.0,1.0,2223.0,0.0,0.0,Kevin De Bruyne,95,7
2025-12-13 11:45:15,1765626315,SK TUHIN,TUH,False,4,1,0,0,W,False,5.0,4.0,1829.0,0.0,0.0,Viktor Gyökeres,58,7
2025-12-13 11:38:02,1765625882,NAZMUL FC,NFC,True,2,4,0,0,L,False,3.0,3.0,2338.0,0.0,0.0,Viktor Gyökeres,90,7
2025-12-12 12:24:49,1765542289,PROSOCCERGIANTS FC,PSG,True,0,3,0,0,L,False,2.0,0.0,1263.0,0.0,0.0,Kevin De Bruyne,55,7
2025-12-12 12:16:58,1765541818,PROSOCCERGIANTS FC,PSG,True,1,5,0,0,L,False,4.0,3.0,2725.0,0.0,0.0,Kylian Mbappé,93,7
2025-12-12 11:04:03,1765537443,PROSOCCERGIANTS FC,PSG,True,1,3,0,0,L,False,3.0,1.0,3124.0,0.0,0.0,Kylian Mbappé,122,7
2025-12-12 04:33:25,1765514005,SIANTS,PSG,True,2,3,0,0,L,False,4.0,2.0,2449.0,0.0,2.0,Kylian Mbappé,92,7
2025-12-12 04:30:12,1765513812,SK SABBIR,CBF,False,1,4,0,0,L,False,1.0,1.0,684.0,0.0,1.0,Kylian Mbappé,32,7
2025-12-11 17:17:06,1765473426,EHSAN,EHS,False,2,1,0,0,W,False,6.0,2.0,3047.0,2.0,0.0,Erling Haaland,91,7
2025-12-11 15:37:53,1765467473,KOLKATA FC,KKR,True,4,2,0,0,W,False,6.0,4.0,2773.0,1.0,1.0,Erling Haaland,93,7
2025-12-11 11:43:49,1765453429,LUCIFER,LUC,False,1,2,0,0,L,False,1.0,1.0,2361.0,0.0,1.0,Erling Haaland,96,6
2025-12-11 11:41:33,1765453293,MD ZIDAN,SHA,True,0,3,0,0,L,False,0.0,0.0,120.0,0.0,0.0,Virgil,9,6
2025-12-11 08:14:29,1765440869,CB EMON,EMO,False,0,6,0,0,L,False,3.0,1.0,2971.0,1.0,1.0,Kylian Mbappé,90,6
2025-12-11 06:25:33,1765434333,ARGENTINA,ARG,True,5,2,0,0,W,False,4.0,3.0,2056.0,0.0,0.0,Erling Haaland,72,6
2025-12-11 06:18:33,1765433913,UNIVERSE FC,UNI,False,1,2,0,0,L,False,2.0,1.0,2458.0,0.0,0.0,Erling Haaland,93,6
2025-12-09 12:21:46,1765282906,PROSOCCERGIANTS FC,PSG,True,2,2,4,3,PW,True,6.0,2.0,3347.0,0.0,0.0,Tony Adams,120,6
2025-12-09 12:10:56,1765282256,PROSOCCERGIANTS FC,PSG,True,4,3,0,0,W,False,9.0,4.0,3630.0,1.0,2.0,Kylian Mbappé,121,6
2025-12-09 05:44:10,1765259050,CLIMAX,CLI,False,7,4,0,0,W,False,6.0,3.0,2306.0,1.0,1.0,Antoine Griezmann,79,6
2025-12-08 17:54:27,1765216467,SPIDEY,SPI,True,0,9,0,0,L,False,1.0,0.0,2477.0,0.0,0.0,Kylian Mbappé,94,6
2025-12-08 13:58:01,1765202281,REAL MADRIDE,RMD,True,3,6,0,0,L,False,4.0,4.0,1596.0,0.0,1.0,Vinícius Júnior,73,6
2025-12-08 11:12:12,1765192332,BRAZIL,BRA,False,2,1,0,0,W,False,5.0,5.0,2211.0,0.0,1.0,Kylian Mbappé,90,6
2025-12-08 11:02:06,1765191726,FC TT,FC ,True,1,2,0,0,L,False,1.0,1.0,1777.0,0.0,0.0,Kylian Mbappé,92,6
2025-12-08 06:40:01,1765176001,BANGLADESH,BAN,False,0,2,0,0,L,False,1.0,0.0,2129.0,0.0,0.0,M. Salah,90,6
2025-12-08 06:29:54,1765175394,BARCELONA,BAR,True,3,1,0,0,W,False,6.0,4.0,2824.0,0.0,0.0,Kylian Mbappé,97,6
2025-12-08 02:33:41,1765161221,REAL MADRID,RLM,False,3,0,0,0,W,False,3.0,3.0,1699.0,0.0,1.0,Erling Haaland,67,6
2025-12-08 02:09:40,1765159780,ST BRATHER   CHIRI,ST,False,3,0,0,0,W,False,3.0,1.0,1794.0,1.0,0.0,Erling Haaland,50,6
2025-12-07 15:03:35,1765119815,NOAKHALI FOOTBALL CLUB,NFC,True,0,3,0,0,L,False,0.0,0.0,1049.0,0.0,0.0,Cristiano Ronaldo,57,5
2025-12-07 07:37:42,1765093062,RIP 11,RIP,True,0,2,0,0,L,False,4.0,1.0,2503.0,0.0,0.0,Erling Haaland,94,5
2025-12-07 04:19:08,1765081148,NAYEM VAI,NNN,False,4,1,0,0,W,False,0.0,0.0,626.0,0.0,0.0,Jude Bellingham,19,5
2025-12-06 18:22:11,1765045331,SKMMZ,SKM,True,0,3,0,0,L,False,1.0,1.0,2723.0,0.0,0.0,Gabriel Magalhães,92,5
2025-12-06 18:09:07,1765044547,J FLY,J F,False,2,0,0,0,W,False,5.0,2.0,2407.0,1.0,1.0,Robert Lewandowski,93,5
2025-12-06 11:46:56,1765021616,STROMBREAKER,ASB,False,1,1,0,0,D,False,4.0,1.0,3103.0,0.0,0.0,Robert Lewandowski,90,5
2025-12-06 11:14:32,1765019672,SYLHET FC,SYL,True,2,2,0,0,D,False,4.0,2.0,2378.0,1.0,0.0,Kylian Mbappé,95,5
2025-12-06 11:08:08,1765019288,CHOWDHURY FC,CHO,True,4,1,0,0,W,False,1.0,1.0,1957.0,0.0,0.0,Erling Haaland,55,5
2025-12-06 02:26:35,1764987995,Dream FC,NFA,False,5,2,0,0,W,False,5.0,1.0,1948.0,0.0,0.0,Erling Haaland,66,5
2025-12-06 02:04:08,1764986648,F T  UNITED,HIF,False,0,1,0,0,L,False,4.0,2.0,2381.0,0.0,0.0,Virgil,91,5
2025-12-06 01:49:00,1764985740,DHAKA CITY,BDT,True,2,1,0,0,W,False,5.0,4.0,2615.0,0.0,1.0,Kylian Mbappé,101,5
2025-12-05 18:13:20,1764958400,SHOBUJ,SHO,False,2,2,0,0,D,False,6.0,4.0,2648.0,0.0,0.0,Rafa Leão,92,5
2025-12-05 18:10:42,1764958242,FORTUNE BARISAL,BAS,False,1,4,0,0,L,False,1.0,1.0,682.0,0.0,0.0,Robert Lewandowski,17,5
2025-12-05 15:39:14,1764949154,INDIAN FC,IND,True,2,2,0,0,D,False,5.0,3.0,2690.0,1.0,2.0,Kylian Mbappé,93,5
2025-12-05 15:32:20,1764948740,ABDULATIF,ABD,True,4,1,0,0,W,False,2.0,2.0,2038.0,0.0,0.0,Erling Haaland,83,5
2025-12-05 15:22:01,1764948121,I HAVE NO ENEMY,WHY,False,0,1,0,0,L,False,3.0,1.0,2293.0,2.0,1.0,Kevin De Bruyne,94,5
2025-12-05 12:00:08,1764936008,PROSOCCERGIANTS FC,PSG,True,5,4,0,0,W,False,7.0,6.0,3701.0,0.0,1.0,Kylian Mbappé,120,6
2025-12-05 10:39:44,1764931184,PROSOCCERGIANTS FC,PSG,True,1,1,3,2,PW,True,6.0,6.0,3158.0,0.0,1.0,Federico Valverde,121,6
2025-12-05 05:48:55,1764913735,BURHAN  MIAH,RMA,False,0,3,0,0,L,False,0.0,0.0,0.0,0.0,0.0,Lionel Messi,2,6
2025-12-05 04:47:06,1764910026,BANGLADESH,BAN,False,4,1,0,0,W,False,6.0,4.0,2506.0,1.0,1.0,Kylian Mbappé,93,6
2025-12-04 12:19:54,1764850794,Dream FC,DRE,True,4,1,0,0,W,False,,,,,,Karim Benzema,44,6
2025-12-04 12:13:06,1764850386,CBF,CBF,True,2,1,0,0,W,False,,,,,,Kylian Mbappé,92,6
2025-12-04 12:09:27,1764850167,6DDLDMX,6DD,True,3,0,0,0,W,False,,,,,,Virgil,43,6
2025-12-04 09:53:44,1764842024,MAHIM,MAH,False,3,0,0,0,W,False,,,,,,Erling Haaland,90,6
2025-12-04 07:54:00,1764834840,Dream FC,REA,True,1,2,0,0,L,False,,,,,,Andy Cole,90,6
2025-12-04 07:15:35,1764832535,BARCELONA,BAR,True,3,3,0,0,D,False,,,,,,Erling Haaland,92,6
2025-12-03 06:07:24,1764742044,ARSENAI,ARS,True,3,0,0,0,W,False,,,,,,Erling Haaland,33,7
2025-12-02 04:48:10,1764650890,MAGURA,MAG,True,1,1,0,0,D,False,,,,,,Robert Lewandowski,91,7
2025-12-02 04:09:57,1764648597,SS BRAHMANBARIA FC,SFC,False,2,1,0,0,W,False,,,,,,Robert Lewandowski,93,7
2025-12-01 19:30:31,1764617431,ARGENTINA,ARG,True,2,3,0,0,L,False,,,,,,Kylian Mbappé,93,7
2025-12-01 19:27:53,1764617273,MONJUR,MON,False,1,4,0,0,L,False,,,,,,Erling Haaland,30,7
2025-12-01 13:21:32,1764595292,CRJ,CRJ,False,0,3,0,0,L,False,,,,,,Erling Haaland,45,7
2025-12-01 12:17:21,1764591441,RAKIB,RJI,True,4,1,0,0,W,False,,,,,,Erling Haaland,83,7
2025-12-01 10:22:36,1764584556,LEVARPOOL,LFC,False,4,1,0,0,W,False,,,,,,Erling Haaland,37,7
2025-12-01 10:13:30,1764584010,WE ARE SYLHETI,SYL,True,3,2,0,0,W,False,,,,,,Robert Lewandowski,93,7
2025-11-30 20:27:06,1764534426,KHAN FC,FCB,False,3,0,0,0,W,False,,,,,,Erling Haaland,21,6
2025-11-30 20:19:39,1764533979,PSG,PSG,True,3,3,0,0,D,False,,,,,,Chris Wood,97,6
2025-11-30 16:53:35,1764521615,BRAZ IL,BRA,True,0,3,0,0,L,False,,,,,,Jude Bellingham,1,6
2025-11-30 10:38:11,1764499091,ALI,ALI,False,0,1,0,0,L,False,,,,,,Virgil,90,6
2025-11-30 10:25:23,1764498323,BRAZIL,BRA,False,1,1,0,0,D,False,,,,,,Rodrigo,92,6
2025-11-30 10:18:35,1764497915,BANGLADASH,NST,False,3,0,0,0,W,False,,,,,,Kylian Mbappé,20,6
2025-11-30 10:14:47,1764497687,REAL MADRID,RMA,False,0,3,0,0,L,False,,,,,,F. Mendy,19,6
2025-11-30 07:47:29,1764488849,WEST BENGAL CLUB,KOU,False,4,1,0,0,W,False,,,,,,Cristiano Ronaldo,50,6
2025-11-29 06:41:08,1764398468,REALMADRID,REA,False,0,1,0,0,L,False,,,,,,Kalidou Koulibaly,92,5
2025-11-28 19:39:06,1764358746,FCB,FCB,False,4,3,0,0,W,False,,,,,,Robert Lewandowski,91,5
2025-11-28 19:31:21,1764358281,ALONE,ALO,False,1,2,0,0,L,False,,,,,,Cristiano Ronaldo,90,5
2025-11-28 19:24:51,1764357891,EMON,SON,False,1,0,0,0,W,False,,,,,,Kylian Mbappé,93,5
2025-11-28 11:19:24,1764328764,PROSOCCERGIANTS FC,PSG,True,1,2,0,0,L,False,,,,,,Kylian Mbappé,90,5
2025-11-28 06:26:13,1764311173,KR7,KR7,False,0,0,0,0,D,False,,,,,,Alessandro Bastoni,91,5
2025-11-27 19:08:14,1764270494,GOI  GAHAR SIRJAN,GOS,False,1,1,0,0,D,False,,,,,,Robert Lewandowski,91,5
2025-11-27 19:01:23,1764270083,FC BARCELONA,FCB,False,2,2,0,0,D,False,,,,,,Erling Haaland,94,6
2025-11-27 18:53:18,1764269598,Dream FC,FCB,True,4,3,0,0,W,False,,,,,,Viktor Gyökeres,95,6
2025-11-27 18:50:50,1764269450,JUHAN FC,JFC,True,3,0,0,0,W,False,,,,,,Rodrigo,18,6
2025-11-27 13:17:41,1764249461,MBS FC,MBS,False,1,2,0,0,L,False,,,,,,Erling Haaland,92,6
2025-11-27 13:13:42,1764249222,SADIK MULLA,SAD,False,0,3,0,0,L,False,,,,,,Erling Haaland,46,6
2025-11-27 12:06:34,1764245194,PROSOCCERGIANTS FC,PSG,True,0,3,0,0,L,False,,,,,,Lionel Messi,94,6
2025-11-27 11:58:44,1764244724,PROSOCCERGIANTS FC,PSG,True,2,3,0,0,L,False,,,,,,Kylian Mbappé,91,6
2025-11-27 11:47:13,1764244033,Dream FC,TFC,False,3,1,0,0,W,False,,,,,,Erling Haaland,91,6
2025-11-26 18:20:59,1764181259,Dream FC,NAH,False,0,3,0,0,L,False,,,,,,Kevin De Bruyne,90,6
2025-11-26 15:34:07,1764171247,EMON,EMO,True,4,1,0,0,W,False,,,,,,Harry Kane,87,6
2025-11-26 15:25:16,1764170716,RAFSAN RIFAT,MEW,False,4,3,0,0,W,False,,,,,,Kylian Mbappé,94,6
2025-11-26 14:24:11,1764167051,BAYERN MUNCHEN,BAY,False,0,3,0,0,L,False,,,,,,Kylian Mbappé,92,6
2025-11-26 14:17:07,1764166627,BRAZIL,BRA,False,3,1,0,0,W,False,,,,,,Erling Haaland,92,7
2025-11-26 13:09:33,1764162573,Dream FC,YEA,True,3,0,0,0,W,False,,,,,,Erling Haaland,28,7
2025-11-26 11:57:16,1764158236,BONGO,BON,True,0,1,0,0,L,False,,,,,,Manuel Akanji,95,7
2025-11-26 10:39:26,1764153566,SHIBA,SHI,True,0,5,0,0,L,False,,,,,,M. Salah,91,7
2025-11-26 09:04:25,1764147865,BONG FC,BFC,True,1,1,0,0,D,False,,,,,,Robert Lewandowski,91,7
2025-11-26 07:56:48,1764143808,D F LOTAS,DFL,True,2,1,0,0,W,False,,,,,,Robert Lewandowski,94,7
2025-11-26 07:45:32,1764143132,Dream FC,DFC,True,4,0,0,0,W,False,,,,,,Virgil,96,7
2025-11-25 16:50:08,1764089408,NIL,NIL,True,1,1,0,0,D,False,,,,,,Kylian Mbappé,90,7
2025-11-25 16:44:01,1764089041,ASIAN,ASN,False,1,0,0,0,W,False,,,,,,Erling Haaland,91,7
2025-11-25 16:35:57,1764088557,JF XTVE,JFX,False,2,1,0,0,W,False,,,,,,Erling Haaland,91,8
2025-11-25 12:14:36,1764072876,FC BARCELONA,BAR,True,1,0,0,0,W,False,,,,,,Kylian Mbappé,93,8
2025-11-25 12:10:34,1764072634,PANCHAGARH,BAR,True,3,0,0,0,W,False,,,,,,Kylian Mbappé,10,8
2025-11-25 12:02:09,1764072129,KOLKATA FC,KOL,True,3,2,0,0,W,False,,,,,,Erling Haaland,94,8
2025-11-25 11:54:16,1764071656,BANGLADESH,BAN,False,2,1,0,0,W,False,,,,,,Robert Lewandowski,91,8
2025-11-25 10:21:21,1764066081,BRAZIL,CBF,True,1,1,0,0,D,False,,,,,,Virgil,92,8
2025-11-25 10:12:48,1764065568,PORTUGAL,POR,False,4,1,0,0,W,False,,,,,,Robert Lewandowski,89,8
2025-11-25 07:50:45,1764057045,REAL  MADRID  CF,RAM,False,0,3,0,0,L,False,,,,,,Cristiano Ronaldo,85,8
2025-11-24 19:29:12,1764012552,BANGLADESH,NAH,False,3,3,0,0,D,False,,,,,,J. David,93,7
2025-11-24 19:07:03,1764011223,BAREALONA,BAR,False,0,3,0,0,L,False,,,,,,Kylian Mbappé,91,7
2025-11-24 17:48:26,1764006506,ARGENTINA,ARG,True,0,2,0,0,L,False,,,,,,Antonio Rüdiger,92,7
2025-11-24 16:17:01,1764001021,FREE FIRE,DLS,False,2,4,0,0,L,False,,,,,,Erling Haaland,92,7
2025-11-24 16:06:08,1764000368,ARGENTINA,ARG,True,0,3,0,0,L,False,,,,,,Erling Haaland,8,7
2025-11-24 04:15:13,1763957713,S AND T,TVM,True,4,0,0,0,W,False,,,,,,Kylian Mbappé,90,7
2025-11-24 04:03:01,1763956981,BANGLADESH,BAN,True,3,3,0,0,D,False,,,,,,Kylian Mbappé,94,7
2025-11-23 14:11:32,1763907092,HALA NEPAL,HNP,False,2,2,0,0,D,False,,,,,,Gabriel Batistuta,90,7
2025-11-23 13:48:34,1763905714,RAKIB,RAK,False,2,1,0,0,W,False,,,,,,Kylian Mbappé,93,7
2025-11-23 09:30:28,1763890228,INTARMILAN,INT,True,0,2,0,0,L,False,,,,,,Kylian Mbappé,90,6
2025-11-23 06:31:34,1763879494,EAST BENGAL FC,EAS,True,2,1,0,0,W,False,,,,,,Robert Lewandowski,91,6
2025-11-22 18:05:03,1763834703,Dream FC,DRE,False,1,1,0,0,D,False,,,,,,Harry Kane,91,6
2025-11-22 15:25:47,1763825147,MAN CITY,MAN,True,2,1,0,0,W,False,,,,,,Erling Haaland,92,6
2025-11-21 10:50:40,1763722240,PROSOCCERGIANTS FC,PSG,True,1,4,0,0,L,False,,,,,,Harry Kane,93,6
2025-11-21 07:26:56,1763710016,ARSENAL,ARS,True,2,3,0,0,L,False,,,,,,Kylian Mbappé,93,6
2025-11-21 07:10:12,1763709012,DLS FC,DLS,False,0,5,0,0,L,False,,,,,,Kylian Mbappé,94,6
2025-11-20 19:26:57,1763666817,BARCELONA,BAR,True,3,2,0,0,W,False,,,,,,Erling Haaland,92,6
2025-11-20 15:07:49,1763651269,DJ     XI,DXI,False,0,3,0,0,L,False,,,,,,Robert Lewandowski,27,6
2025-11-20 10:43:46,1763635426,Dream FC,BLU,False,3,0,0,0,W,False,,,,,,Robert Lewandowski,41,7
2025-11-20 10:36:20,1763634980,Dream FC,DRE,False,5,0,0,0,W,False,,,,,,Erling Haaland,92,7
2025-11-20 09:46:22,1763631982,Dream FC,DRM,False,1,4,0,0,L,False,,,,,,Kylian Mbappé,61,7
2025-11-20 08:04:40,1763625880,FC  ROYALS  UNITED,FRU,False,3,2,0,0,W,False,,,,,,O. Dembélé,93,7
2025-11-20 07:56:23,1763625383,ARG,HTT,True,2,0,0,0,W,False,,,,,,Jude Bellingham,95,7
2025-11-19 20:04:38,1763582678,PROSOCCERGIANTS FC,PSG,True,0,6,0,0,L,False,,,,,,Erling Haaland,92,7
2025-11-19 19:57:34,1763582254,PROSOCCERGIANTS FC,PSG,True,2,3,0,0,L,False,,,,,,Kylian Mbappé,91,7
2025-11-19 19:51:08,1763581868,PROSOCCERGIANTS FC,PSG,True,0,1,0,0,L,False,,,,,,Erling Haaland,91,7
2025-11-18 19:17:11,1763493431,PROSOCCERGIANTS FC,PSG,True,0,3,0,0,L,False,,,,,,Erling Haaland,90,7
2025-11-18 19:09:26,1763492966,PROSOCCERGIANTS FC,PSG,True,0,4,0,0,L,False,,,,,,Erling Haaland,90,7
2025-11-18 19:01:08,1763492468,PROSOCCERGIANTS FC,PSG,True,1,3,0,0,L,False,,,,,,Erling Haaland,90,7
2025-11-18 14:05:06,1763474706,MASUM KHAN FC,BDS,False,2,1,0,0,W,False,,,,,,Erling Haaland,94,7
2025-11-18 11:23:22,1763465002,JHENIDAH  EXPRESS,JHE,False,2,2,0,0,D,False,,,,,,Kylian Mbappé,95,7
2025-11-18 11:20:04,1763464804,ULTADANGA,BOY,False,0,3,0,0,L,False,,,,,,Lionel Messi,38,7
2025-11-17 20:07:32,1763410052,PROSOCCERGIANTS FC,PSG,True,1,1,5,4,PW,True,,,,,,Erling Haaland,125,6
2025-11-17 20:00:07,1763409607,PROSOCCERGIANTS FC,PSG,True,2,1,0,0,W,False,,,,,,Erling Haaland,93,6
2025-11-16 20:26:47,1763324807,REAL MADRID,RMA,False,0,3,0,0,L,False,,,,,,Harry Kane,94,6
2025-11-16 20:23:42,1763324622,TANVEER FC,VIR,False,0,3,0,0,L,False,,,,,,Emiliano Martínez,31,6
2025-11-16 16:39:56,1763311196,LAION  KING  FC,LAI,False,2,2,0,0,D,False,,,,,,Erling Haaland,96,6
2025-11-16 16:38:19,1763311099,MASUM ALLOM F B C,MFC,False,1,4,0,0,L,False,,,,,,Erling Haaland,6,6
2025-11-15 20:00:00,1763236800,PROSOCCERGIANTS FC,PSG,True,0,3,0,0,L,False,,,,,,Kylian Mbappé,92,6
2025-11-15 19:51:28,1763236288,PROSOCCERGIANTS FC,PSG,True,2,1,0,0,W,False,,,,,,Kylian Mbappé,120,6
2025-11-15 19:33:18,1763235198,AGS,AGS,True,0,4,0,0,L,False,,,,,,Lionel Messi,92,6
2025-11-15 19:24:54,1763234694,ESTGHLAL,EST,False,2,0,0,0,W,False,,,,,,Kylian Mbappé,94,6
2025-11-15 19:17:21,1763234241,FC BARCELONA,BAR,False,1,4,0,0,L,False,,,,,,Erling Haaland,92,6
2025-11-15 02:45:59,1763174759,SHANTIPUR FC,SFC,True,3,0,0,0,W,False,,,,,,Kylian Mbappé,94,5
2025-11-14 19:29:14,1763148554,PROSOCCERGIANTS FC,PSG,True,2,3,0,0,L,False,,,,,,Lionel Messi,124,5
2025-11-14 19:21:20,1763148080,PROSOCCERGIANTS FC,PSG,True,0,4,0,0,L,False,,,,,,Cristiano Ronaldo,92,5
2025-11-14 19:11:29,1763147489,PROSOCCERGIANTS FC,PSG,True,1,2,0,0,L,False,,,,,,Cristiano Ronaldo,120,5
2025-11-14 08:40:16,1763109616,MOMEN,MOM,False,4,1,0,0,W,False,,,,,,Erling Haaland,79,5
2025-11-14 07:45:27,1763106327,SUMON,SMS,False,0,2,0,0,L,False,,,,,,Erling Haaland,90,5
2025-11-14 07:03:07,1763103787,MDMASUD,MDM,False,1,1,0,0,D,False,,,,,,Erling Haaland,91,5
2025-11-14 04:23:29,1763094209,SSSSSSSSSSSSSSSSS,FCB,False,3,1,0,0,W,False,,,,,,Kylian Mbappé,99,6
2025-11-14 04:20:44,1763094044,BAIZID BANGLADESH,BAI,False,3,0,0,0,W,False,,,,,,Erling Haaland,9,6
2025-11-13 20:27:51,1763065671,BARCELONA,FCB,False,0,2,0,0,L,False,,,,,,Gianfranco Zola,90,6
2025-11-13 19:36:24,1763062584,M RD,MRD,True,2,2,0,0,D,False,,,,,,Kylian Mbappé,94,6
2025-11-13 19:28:56,1763062136,BRAZIL,BRA,False,0,1,0,0,L,False,,,,,,Kevin De Bruyne,92,6
2025-11-13 19:18:29,1763061509,PROSOCCERGIANTS FC,PSG,True,1,3,0,0,L,False,,,,,,B. Fernandes,91,6
2025-11-13 19:11:17,1763061077,PROSOCCERGIANTS FC,PSG,True,1,4,0,0,L,False,,,,,,Erling Haaland,95,6
2025-11-13 19:01:52,1763060512,PROSOCCERGIANTS FC,PSG,True,2,3,0,0,L,False,,,,,,Erling Haaland,95,6
2025-11-13 18:54:35,1763060075,PROSOCCERGIANTS FC,PSG,True,1,3,0,0,L,False,,,,,,Virgil,93,6
2025-11-13 18:47:09,1763059629,PROSOCCERGIANTS FC,PSG,True,1,3,0,0,L,False,,,,,,Lionel Messi,93,6
2025-11-13 06:52:31,1763016751,ABDUL MANNAN,ABD,False,1,0,0,0,W,False,,,,,,Erling Haaland,94,6
2025-11-13 06:49:04,1763016544,MAHMUD,MAH,True,3,0,0,0,W,False,,,,,,Rodrigo,17,6
2025-11-13 05:59:35,1763013575,REAL MADRID,RCF,True,5,3,0,0,W,False,,,,,,Robert Lewandowski,94,6
2025-11-13 04:34:14,1763008454,Dream FC,SHA,False,0,1,0,0,L,False,,,,,,Harry Kane,92,6
2025-11-12 19:55:36,1762977336,TARONGO SPORTING CLUB,TSC,False,2,0,0,0,W,False,,,,,,Tony Adams,91,6
2025-11-12 19:39:22,1762976362,KAPPITHANZZZ,BAD,True,1,2,0,0,L,False,,,,,,J. Alvarez,120,7
2025-11-12 19:22:11,1762975331,PROSOCCERGIANTS FC,PSG,True,1,0,0,0,W,False,,,,,,A.Becker,94,7
2025-11-12 19:14:48,1762974888,PROSOCCERGIANTS FC,PSG,True,2,3,0,0,L,False,,,,,,Cristiano Ronaldo,91,7
2025-11-12 18:37:32,1762972652,PROSOCCERGIANTS FC,PSG,True,2,1,0,0,W,False,,,,,,Erling Haaland,95,7
2025-11-12 18:02:52,1762970572,MOHUNBAGAN SUPER GIANT,MOH,True,1,1,1,4,PL,True,,,,,,Erling Haaland,122,7
2025-11-12 16:38:50,1762965530,BANGLADESH,BAN,True,1,0,0,0,W,False,,,,,,Kevin De Bruyne,94,7
2025-11-12 16:35:47,1762965347,FAHMID,FAH,False,3,0,0,0,W,False,,,,,,Erling Haaland,24,7
2025-11-12 07:12:37,1762931557,Dream FC,HAM,False,1,4,0,0,L,False,,,,,,M. Salah,90,7
2025-11-12 05:37:02,1762925822,BARCELONA,FCB,False,2,2,2,1,PW,True,,,,,,Kylian Mbappé,126,7
2025-11-12 05:30:41,1762925441,MUSTAK,MMM,False,2,0,0,0,W,False,,,,,,Kylian Mbappé,45,7
2025-11-11 18:39:39,1762886379,PROSOCCERGIANTS FC,PSG,True,0,3,0,0,L,False,,,,,,Cristiano Ronaldo,91,7
2025-11-11 18:32:32,1762885952,PROSOCCERGIANTS FC,PSG,True,1,2,0,0,L,False,,,,,,Cristiano Ronaldo,90,7
2025-11-11 17:51:19,1762883479,WANTED FC,WAN,False,1,1,4,2,PW,True,,,,,,Erling Haaland,121,7
2025-11-11 14:15:13,1762870513,HABIB JR,HAB,False,4,3,0,0,W,False,,,,,,Kylian Mbappé,123,7
2025-11-11 12:11:25,1762863085,PROSOCCERGIANTS FC,PSG,True,1,3,0,0,L,False,,,,,,Cristiano Ronaldo,92,6
2025-11-11 12:03:19,1762862599,PROSOCCERGIANTS FC,PSG,True,0,4,0,0,L,False,,,,,,Lionel Messi,90,6
2025-11-11 11:56:53,1762862213,PROSOCCERGIANTS FC,PSG,True,3,4,0,0,L,False,,,,,,Kylian Mbappé,92,6
2025-11-11 11:24:13,1762860253,PROSOCCERGIANTS FC,PSG,True,1,3,0,0,L,False,,,,,,Kylian Mbappé,92,6
2025-11-11 06:48:44,1762843724,ARGENTINA,ARG,False,3,2,0,0,W,False,,,,,,Erling Haaland,93,6
2025-11-11 04:16:18,1762834578,DLS RIFAT,AFA,False,1,2,0,0,L,False,,,,,,Vinícius Júnior,91,6
2025-11-11 03:17:44,1762831064,Dream FC,ROS,True,2,3,0,0,L,False,,,,,,Erling Haaland,90,6
2025-11-10 19:53:13,1762804393,PROSOCCERGIANTS FC,PSG,True,0,2,0,0,L,False,,,,,,Erling Haaland,93,6
2025-11-10 19:43:55,1762803835,PROSOCCERGIANTS FC,PSG,True,1,3,0,0,L,False,,,,,,Erling Haaland,124,6
2025-11-10 18:15:34,1762798534,REZAUL  FC B,RAZ,False,2,3,0,0,L,False,,,,,,Alessandro Bastoni,92,6
2025-11-10 18:09:03,1762798143,A N ISLAND,ANI,True,2,0,0,0,W,False,,,,,,Kylian Mbappé,92,6
2025-11-10 13:11:15,1762780275,BOSS,AFA,False,0,1,0,0,L,False,,,,,,Raphinha,93,6
2025-11-10 11:17:36,1762773456,PROSOCCERGIANTS FC,PSG,True,1,3,0,0,L,False,,,,,,Kylian Mbappé,91,5
2025-11-10 11:11:13,1762773073,PROSOCCERGIANTS FC,PSG,True,0,3,0,0,L,False,,,,,,Kylian Mbappé,34,5
2025-11-10 08:33:45,1762763625,NOBICHI,BAL,True,2,2,3,2,PW,True,,,,,,D. Núñez,121,5
2025-11-10 07:24:41,1762759481,BANGLADESH,BAN,False,1,2,0,0,L,False,,,,,,Federico Valverde,102,5
2025-11-10 07:01:43,1762758103,BRASIL,CBF,True,0,1,0,0,L,False,,,,,,Gabriel Magalhães,92,5
2025-11-10 05:26:51,1762752411,ALL STARS,ALL,False,3,0,0,0,W,False,,,,,,Kylian Mbappé,26,5
2025-11-10 01:25:46,1762737946,KINGFISHER FC POTKA,KFC,False,5,2,0,0,W,False,,,,,,Erling Haaland,120,5
2025-11-09 14:45:13,1762699513,FC BARCELONA,FC ,True,3,2,0,0,W,False,,,,,,Erling Haaland,120,6
2025-11-09 14:38:27,1762699107,BRAZIL,CBF,True,3,0,0,0,W,False,,,,,,Erling Haaland,79,6
2025-11-08 10:47:06,1762598826,TUHIN,TMA,False,3,0,0,0,W,False,,,,,,Erling Haaland,82,6
2025-11-08 10:37:28,1762598248,SONDOLY,KAK,False,3,2,0,0,W,False,,,,,,Kylian Mbappé,92,6
2025-11-07 10:33:56,1762511636,PROSOCCERGIANTS FC,PSG,True,3,2,0,0,W,False,,,,,,Kylian Mbappé,94,6
2025-11-07 10:16:13,1762510573,SYLHET,SYL,False,6,3,0,0,W,False,,,,,,Erling Haaland,90,6
2025-11-07 06:16:07,1762496167,NAYEM  CBF,NAY,False,3,0,0,0,W,False,,,,,,Kevin De Bruyne,17,6
2025-11-06 15:56:51,1762444611,Dream FC,MAM,False,1,3,0,0,L,False,,,,,,Erling Haaland,95,5
2025-11-06 14:21:03,1762438863,AFA,MIS,False,1,0,0,0,W,False,,,,,,Tony Adams,120,5
2025-11-06 06:39:30,1762411170,RTMON,RTM,False,3,0,0,0,W,False,,,,,,Erling Haaland,94,5
2025-11-06 05:59:16,1762408756,NORTHEAST UNITH FC,NOR,True,1,6,0,0,L,False,,,,,,Vinícius Júnior,96,5
2025-11-06 05:32:18,1762407138,TARIBAL FC,TBF,False,3,2,0,0,W,False,,,,,,Robert Lewandowski,90,5
2025-11-05 08:26:44,1762331204,GOJMOHAL,GOJ,True,3,3,3,5,PL,True,,,,,,Erling Haaland,120,5
2025-11-05 08:09:20,1762330160,BARCELONA,FCB,True,2,0,0,0,W,False,,,,,,Robert Lewandowski,90,5
2025-11-05 07:35:44,1762328144,FCB,FCB,False,0,3,0,0,L,False,,,,,,Lionel Messi,4,5
2025-11-04 13:19:06,1762262346,BARSALONA,BAR,False,5,2,0,0,W,False,,,,,,Robert Lewandowski,92,6
2025-11-04 13:07:24,1762261644,BARCALONA,FCB,False,1,0,0,0,W,False,,,,,,Kylian Mbappé,90,6
2025-11-04 11:26:39,1762255599,TAIJU SHIVA,TAI,False,2,1,0,0,W,False,,,,,,Kylian Mbappé,93,6
2025-11-04 11:19:02,1762255142,STAR,EMO,True,4,1,0,0,W,False,,,,,,Kylian Mbappé,68,6
2025-11-04 10:13:35,1762251215,PROSOCCERGIANTS FC,PSG,True,0,0,6,5,PW,True,,,,,,Virgil,121,6
2025-11-04 08:49:38,1762246178,AKFC,AKF,True,2,2,0,3,PL,True,,,,,,O. Sancet,123,6
2025-11-04 07:48:16,1762242496,SUMON FC,BAN,True,1,0,0,0,W,False,,,,,,Vinícius Júnior,94,6
2025-11-04 04:47:57,1762231677,AL JAZIRA,CLU,True,2,0,0,0,W,False,,,,,,Vinícius Júnior,94,6
2025-11-03 19:06:05,1762196765,AKIB,AKI,False,3,3,3,4,PL,True,,,,,,Andy Cole,120,6
2025-11-03 18:55:54,1762196154,FC BLACK DAIMOND,FBD,True,3,2,0,0,W,False,,,,,,Kylian Mbappé,120,6
2025-11-03 12:05:28,1762171528,PROSOCCERGIANTS FC,PSG,True,3,1,0,0,W,False,,,,,,Erling Haaland,96,5
2025-11-03 11:55:20,1762170920,PROSOCCERGIANTS FC,PSG,True,0,1,0,0,L,False,,,,,,Kevin De Bruyne,122,5
2025-11-03 05:36:59,1762148219,IDJDKKS,IDJ,True,0,3,0,0,L,False,,,,,,Kylian Mbappé,93,5
2025-11-03 04:26:16,1762143976,ARGENTINA,ARG,True,1,0,0,0,W,False,,,,,,Kylian Mbappé,123,5
2025-11-02 20:50:26,1762116626,DP CITY,DPC,True,1,1,0,0,D,False,,,,,,Erling Haaland,90,5
2025-11-02 19:26:49,1762111609,Dream FC,DYN,True,4,2,0,0,W,False,,,,,,Erling Haaland,92,5
2025-11-02 18:38:37,1762108717,BANGLADESH,BAN,True,0,3,0,0,L,False,,,,,,Virgil,96,5
2025-11-02 15:39:56,1762097996,PROSOCCERGIANTS FC,PSG,True,2,3,0,0,L,False,,,,,,Vinícius Júnior,121,5
2025-11-02 15:33:22,1762097602,PROSOCCERGIANTS FC,PSG,True,1,4,0,0,L,False,,,,,,Erling Haaland,91,5
2025-11-02 14:31:14,1762093874,SAHAN,SAH,False,0,3,0,0,L,False,,,,,,Virgil,95,5
2025-11-02 14:05:59,1762092359,GREEN VALLEY FC,GRE,False,0,0,0,0,D,False,,,,,,Marquinhos,94,5
2025-11-02 09:45:53,1762076753,MAFIA,MFA,False,0,3,0,0,L,False,,,,,,Paul Gascoigne,5,5
2025-11-02 08:51:31,1762073491,FC IND,FCI,False,3,2,0,0,W,False,,,,,,Kevin De Bruyne,94,5
2025-11-02 08:45:10,1762073110,AHALAB,AHA,False,3,0,0,0,W,False,,,,,,A.Becker,24,5
2025-11-02 08:36:49,1762072609,BANGLA TIGERS,BRA,False,2,2,0,0,D,False,,,,,,Vinícius Júnior,93,5
2025-11-02 08:21:18,1762071678,REAL MADRS,RDS,False,2,1,0,0,W,False,,,,,,Erling Haaland,93,5
2025-11-02 05:29:32,1762061372,MHR CITY,MHR,False,6,1,0,0,W,False,,,,,,Kylian Mbappé,94,5
2025-11-01 20:47:01,1762030021,FC BRAHARU,FCB,False,2,2,0,0,D,False,,,,,,Kylian Mbappé,93,5
2025-11-01 19:43:57,1762026237,FC BARCELONA,FCB,False,1,4,0,0,L,False,,,,,,Kylian Mbappé,95,4
2025-10-31 19:23:31,1761938611,WARRIOR ABABIL FC,SHA,False,1,1,0,0,D,False,,,,,,Vinícius Júnior,96,4
2025-10-31 19:15:27,1761938127,KHALID,KHA,True,1,3,0,0,L,False,,,,,,Erling Haaland,94,4
2025-10-31 18:24:22,1761935062,Dream FC,DRE,True,0,3,0,0,L,False,,,,,,Cristian Romero,60,4
2025-10-31 18:12:47,1761934367,RST FC,RST,False,3,2,0,0,W,False,,,,,,Erling Haaland,93,4
2025-10-31 13:37:46,1761917866,MD  BALLAL,MDB,False,4,2,0,0,W,False,,,,,,Erling Haaland,95,4
2025-10-31 10:26:21,1761906381,BANGLADESH,BAN,True,1,5,0,0,L,False,,,,,,Raphinha,95,4
2025-10-31 10:06:47,1761905207,KIONG,MON,False,1,6,0,0,L,False,,,,,,Chris Wood,90,4
2025-10-31 08:16:06,1761898566,RST FC,RST,False,1,1,0,0,D,False,,,,,,Robert Lewandowski,90,4
2025-10-31 07:40:13,1761896413,REDBULL FC,RED,False,2,2,0,0,D,False,,,,,,Scott McTominay,91,4
2025-10-31 07:09:33,1761894573,TIGER,TIG,False,4,1,0,0,W,False,,,,,,Erling Haaland,93,4
2025-10-31 07:01:35,1761894095,Dream FC,DRE,True,2,0,0,0,W,False,,,,,,Virgil,93,4
2025-10-31 04:38:30,1761885510,GENIUS JR256,GEN,True,2,1,0,0,W,False,,,,,,Kylian Mbappé,95,4
2025-10-31 04:08:59,1761883739,MD  APUN,MDA,True,0,3,0,0,L,False,,,,,,Kylian Mbappé,92,4
2025-10-31 03:58:28,1761883108,NEYMAR ER SCHOOL,ASH,False,3,2,0,0,W,False,,,,,,Kylian Mbappé,96,4
2025-10-30 14:00:26,1761832826,B A N G L A D E S H,BAN,True,2,2,0,0,D,False,,,,,,Kylian Mbappé,95,4
2025-10-30 12:27:20,1761827240,REAL MADRID,CBF,True,0,3,0,0,L,False,,,,,,Bukayo Saka,22,5
2025-10-30 10:04:53,1761818693,PROSOCCERGIANTS FC,PSG,True,0,3,0,0,L,False,,,,,,Kylian Mbappé,94,5
2025-10-30 09:47:30,1761817650,PROSOCCERGIANTS FC,PSG,True,0,3,0,0,L,False,,,,,,Rodrigo,93,5
2025-10-30 09:42:03,1761817323,PROSOCCERGIANTS FC,PSG,True,0,1,0,0,L,False,,,,,,Tony Adams,90,5
2025-10-30 08:32:50,1761813170,MAHABUB,MAH,True,3,2,0,0,W,False,,,,,,Kylian Mbappé,95,5
2025-10-30 06:05:38,1761804338,HI GOAL,HIG,True,1,0,0,0,W,False,,,,,,Ben White,90,5
2025-10-30 03:42:49,1761795769,REAL MADRID,MAD,True,2,4,0,0,L,False,,,,,,Erling Haaland,93,5
2025-10-30 03:40:00,1761795600,ARSENAL,ARS,False,4,1,0,0,W,False,,,,,,Kylian Mbappé,19,5
2025-10-30 03:30:33,1761795033,LIVERPOOL FC,LFC,True,6,0,0,0,W,False,,,,,,Kylian Mbappé,93,5
2025-10-29 17:44:57,1761759897,TAGRU YAPA,TAG,False,2,3,0,0,L,False,,,,,,Moise Kean,92,5
2025-10-29 13:28:11,1761744491,BACKBENCHERS,BAC,False,1,1,3,1,PW,True,,,,,,Kylian Mbappé,120,5
2025-10-29 12:13:38,1761740018,BACKBENCHERS,BAC,False,0,3,0,0,L,False,,,,,,Erling Haaland,90,5
2025-10-29 11:48:50,1761738530,PROSOCCERGIANTS FC,PSG,True,0,4,0,0,L,False,,,,,,Robert Lewandowski,94,5
2025-10-29 11:42:07,1761738127,PROSOCCERGIANTS FC,PSG,True,0,1,0,0,L,False,,,,,,E. Militão,90,5
2025-10-29 08:17:49,1761725869,HASAN,HAS,False,2,0,0,0,W,False,,,,,,Kylian Mbappé,92,5
2025-10-29 08:12:13,1761725533,BFC,BFC,False,0,1,0,0,L,False,,,,,,Cody Gakpo,92,5
2025-10-29 06:07:43,1761718063,Dream FC,VIE,True,3,1,0,0,W,False,,,,,,Kylian Mbappé,92,5
2025-10-29 05:57:22,1761717442,Dream FC,ALC,False,2,1,0,0,W,False,,,,,,Robert Lewandowski,96,5
2025-10-29 03:23:19,1761708199,XLEGEND  FC,DAN,False,4,1,0,0,W,False,,,,,,Robert Lewandowski,72,5
2025-10-29 03:17:26,1761707846,BANGLADESH FC,BAG,True,3,0,0,0,W,False,,,,,,Erling Haaland,61,5
2025-10-29 03:15:46,1761707746,BARCELONA,FCB,False,0,3,0,0,L,False,,,,,,Lionel Messi,19,5
2025-10-28 18:03:46,1761674626,PESKERMOR,PES,True,2,2,0,0,D,False,,,,,,Robert Lewandowski,94,5
2025-10-28 14:24:18,1761661458,SK RUMEN,SKR,True,3,2,0,0,W,False,,,,,,Erling Haaland,94,5
2025-10-28 12:33:22,1761654802,BESHRA,BES,False,1,3,0,0,L,False,,,,,,Heungmin,92,5
2025-10-28 11:40:25,1761651625,PERSPOLIS,PER,False,3,1,0,0,W,False,,,,,,Virgil,95,5
2025-10-28 11:36:03,1761651363,ALL STAR  XI,ALS,False,3,0,0,0,W,False,,,,,,Kylian Mbappé,37,5
2025-10-28 10:38:54,1761647934,BANGLADASH,BFF,False,0,3,0,0,L,False,,,,,,Robert Lewandowski,28,5
2025-10-28 08:28:15,1761640095,EFAD,EFA,False,0,3,0,0,L,False,,,,,,Erling Haaland,90,5
2025-10-28 08:19:38,1761639578,MDRAFAT,MDR,True,4,1,0,0,W,False,,,,,,Robert Lewandowski,71,5
2025-10-28 08:11:53,1761639113,MANOJ KUMAR,MAN,False,0,6,0,0,L,False,,,,,,Gianfranco Zola,92,5
2025-10-28 07:38:35,1761637115,THARMI,HHH,False,0,3,0,0,L,False,,,,,,Virgil,91,5
2025-10-28 07:29:49,1761636589,PIROJPUR KING,AFI,False,2,1,0,0,W,False,,,,,,Lois Openda,93,5
2025-10-28 07:21:56,1761636116,PARIS SAINT GERMAIN,PSG,True,2,1,0,0,W,False,,,,,,Erling Haaland,95,5
2025-10-28 06:58:47,1761634727,REAL  MADRID,REL,True,0,1,0,0,L,False,,,,,,Erling Haaland,90,5
2025-10-28 06:53:42,1761634422,MANCHESTER UNITED,MNU,True,3,0,0,0,W,False,,,,,,Alexander Isak,18,6
2025-10-28 06:21:37,1761632497,MD RASHED,MDR,True,4,2,0,0,W,False,,,,,,Kylian Mbappé,95,6
2025-10-28 06:14:33,1761632073,SS WBPP,SSW,False,1,0,0,0,W,False,,,,,,Kylian Mbappé,92,6
2025-10-28 05:25:44,1761629144,L M 10,AFA,False,0,3,0,0,L,False,,,,,,Erling Haaland,93,6
2025-10-28 04:14:51,1761624891,BANGLADESH,BAN,True,5,1,0,0,W,False,,,,,,Kylian Mbappé,63,6
2025-10-28 04:06:41,1761624401,SYLHET UNITED,SFC,False,2,1,0,0,W,False,,,,,,Vinícius Júnior,92,6
2025-10-27 08:46:36,1761554796,PSSI,JAK,True,1,1,0,0,D,False,,,,,,Miliano Jonathans,93,6
2025-10-27 08:45:34,1761554734,MH  FC,MHF,False,0,3,0,0,L,False,,,,,,Kylian Mbappé,6,6
2025-10-26 20:25:00,1761510300,SIMBA SC,SIM,True,1,2,0,0,L,False,,,,,,O. Dembélé,93,6
2025-10-26 18:52:35,1761504755,PROSOCCERGIANTS FC,PSG,True,0,3,0,0,L,False,,,,,,Erling Haaland,91,6
2025-10-26 18:45:14,1761504314,PROSOCCERGIANTS FC,PSG,True,4,2,0,0,W,False,,,,,,Kylian Mbappé,95,6
2025-10-26 18:11:33,1761502293,REAL MADRID,SSS,False,3,2,0,0,W,False,,,,,,Rodrygo,90,6
2025-10-26 18:10:17,1761502217,DEMONS,DTH,True,0,3,0,0,L,False,,,,,,Kylian Mbappé,3,6
2025-10-26 15:19:46,1761491986,Dream FC,RAM,False,4,5,0,0,L,False,,,,,,Marcus Thuram,92,6
2025-10-26 13:49:40,1761486580,NONOI,NNI,True,4,2,0,0,W,False,,,,,,Kylian Mbappé,94,6
2025-10-26 08:47:43,1761468463,ARGIN TINA,AFA,False,3,0,0,0,W,False,,,,,,Kylian Mbappé,90,6
2025-10-26 06:04:14,1761458654,ROYAN MB FC,ROY,True,0,3,0,0,L,False,,,,,,Kylian Mbappé,28,6
2025-10-26 04:52:51,1761454371,Dream FC,BOS,False,5,2,0,0,W,False,,,,,,Kylian Mbappé,30,6
2025-10-25 20:05:50,1761422750,PAYEL,SDN,True,0,3,0,0,L,False,,,,,,Minjae,10,6
2025-10-25 15:39:34,1761406774,REAL  MADRID,RMC,False,2,2,0,0,D,False,,,,,,Jude Bellingham,92,7
2025-10-25 14:43:44,1761403424,COBRA,DON,False,5,2,0,0,W,False,,,,,,Kylian Mbappé,90,7
2025-10-25 10:26:14,1761387974,BARCALONA,BAR,False,2,1,0,0,W,False,,,,,,Kylian Mbappé,87,7
2025-10-25 10:21:01,1761387661,JUMMAN,FAR,False,0,3,0,0,L,False,,,,,,Kylian Mbappé,39,7
2025-10-25 09:52:41,1761385961,RAHEL,RAH,False,5,2,0,0,W,False,,,,,,Kylian Mbappé,85,7
2025-10-25 09:42:36,1761385356,REAL MADRID,REM,False,2,1,0,0,W,False,,,,,,Erling Haaland,92,7
2025-10-25 06:06:03,1761372363,Dream FC,DRE,True,4,1,0,0,W,False,,,,,,Erling Haaland,94,7
2025-10-24 22:29:38,1761344978,JILANE FC,JFC,True,2,3,0,0,L,False,,,,,,Neymar Jr.,94,7
2025-10-24 19:05:22,1761332722,PROSOCCERGIANTS FC,PSG,True,1,1,4,3,PW,True,,,,,,Kylian Mbappé,120,6
2025-10-24 18:56:22,1761332182,PROSOCCERGIANTS FC,PSG,True,2,2,1,3,PL,True,,,,,,Erling Haaland,122,6
2025-10-24 18:33:34,1761330814,PROSOCCERGIANTS FC,PSG,True,1,1,3,2,PW,True,,,,,,Erling Haaland,120,6
2025-10-24 18:24:40,1761330280,PROSOCCERGIANTS FC,PSG,True,0,3,0,0,L,False,,,,,,Erling Haaland,74,6
2025-10-24 14:02:42,1761314562,FC BARCELONA,FCB,False,0,3,0,0,L,False,,,,,,Lionel Messi,45,6
2025-10-24 11:32:10,1761305530,BARCALONA,BRA,False,1,1,0,0,D,False,,,,,,Marquinhos,91,6
2025-10-24 09:35:12,1761298512,PROSOCCERGIANTS FC,PSG,True,4,0,0,0,W,False,,,,,,Kylian Mbappé,75,6
2025-10-24 08:43:42,1761295422,HASA KINGS,HAS,True,4,1,0,0,W,False,,,,,,Viktor Gyökeres,51,6
2025-10-24 08:30:24,1761294624,Dream FC,RAM,False,2,5,0,0,L,False,,,,,,Viktor Gyökeres,74,6
2025-10-24 06:56:32,1761288992,ARGENTINA,AFA,False,0,3,0,0,L,False,,,,,,Erling Haaland,34,6
2025-10-23 20:53:39,1761252819,KASEM,KAS,False,1,1,0,0,D,False,,,,,,Kylian Mbappé,91,5
2025-10-23 20:45:47,1761252347,ARGENTINA,ARG,False,1,1,0,0,D,False,,,,,,Lautaro,93,5
2025-10-23 19:41:51,1761248511,MILADDD,MIL,False,0,1,0,0,L,False,,,,,,Virgil,92,5
2025-10-23 14:25:37,1761229537,BACKBENCHERS,BAC,False,1,0,0,0,W,False,,,,,,Virgil,92,5
2025-10-23 12:45:42,1761223542,PROSOCCERGIANTS FC,PSG,True,0,2,0,0,L,False,,,,,,Erling Haaland,92,5
2025-10-23 12:41:46,1761223306,PROSOCCERGIANTS FC,PSG,True,0,3,0,0,L,False,,,,,,Erling Haaland,40,5
2025-10-23 11:23:57,1761218637,PROSOCCERGIANTS FC,PSG,True,4,1,0,0,W,False,,,,,,Erling Haaland,93,5
2025-10-23 11:14:41,1761218081,PROSOCCERGIANTS FC,PSG,True,0,5,0,0,L,False,,,,,,Erling Haaland,96,5
2025-10-23 11:07:59,1761217679,PROSOCCERGIANTS FC,PSG,True,0,3,0,0,L,False,,,,,,B. Fernandes,95,5
2025-10-23 06:13:21,1761200001,CIBARO,CIB,True,0,3,0,0,L,False,,,,,,Erling Haaland,42,5
2025-10-23 04:47:01,1761194821,FORTUNE FC,FOR,True,3,2,0,0,W,False,,,,,,Cristiano Ronaldo,94,6
2025-10-22 21:13:18,1761167598,ASGARD FC,ASG,True,2,2,0,0,D,False,,,,,,Erling Haaland,92,6
2025-10-22 21:05:41,1761167141,HAROON FC,HAR,False,5,3,0,0,W,False,,,,,,Erling Haaland,92,6
2025-10-22 16:09:55,1761149395,MD    RAKEIB  HASAN,RAK,False,4,1,0,0,W,False,,,,,,Kylian Mbappé,66,6
2025-10-22 13:52:52,1761141172,Dream FC,CBF,True,3,4,0,0,L,False,,,,,,Erling Haaland,96,6
2025-10-22 13:04:39,1761138279,JUVENTAS,JUV,True,0,3,0,0,L,False,,,,,,Viktor Gyökeres,70,6
2025-10-22 08:41:12,1761122472,RASHID,RAS,True,1,1,0,0,D,False,,,,,,Kylian Mbappé,92,6
2025-10-22 08:19:59,1761121199,BARCELONA,MAH,True,4,1,0,0,W,False,,,,,,Viktor Gyökeres,90,6
2025-10-22 08:17:13,1761121033,MAHI,MAH,True,3,0,0,0,W,False,,,,,,Tony Adams,29,6
2025-10-22 07:26:53,1761118013,AHIYAN FC,AHI,True,0,5,0,0,L,False,,,,,,Cristiano Ronaldo,91,5
2025-10-22 07:14:26,1761117266,STRANGER FC,SNF,False,2,2,0,0,D,False,,,,,,Erling Haaland,96,5
2025-10-22 07:11:24,1761117084,Dream FC,MFC,True,3,0,0,0,W,False,,,,,,Viktor Gyökeres,15,5
2025-10-22 06:08:29,1761113309,RDFFFF,RDF,True,0,3,0,0,L,False,,,,,,Cristiano Ronaldo,45,5
2025-10-22 06:00:10,1761112810,RAHAD,STR,True,3,2,0,0,W,False,,,,,,Erling Haaland,92,5
2025-10-22 03:57:11,1761105431,BGDFC,BGD,True,2,2,0,0,D,False,,,,,,Erling Haaland,93,5
2025-10-21 18:11:45,1761070305,SANTOS,SAN,True,0,3,0,0,L,False,,,,,,Cristiano Ronaldo,40,5
2025-10-21 14:32:52,1761057172,MD  RAPI,DLS,True,1,5,0,0,L,False,,,,,,Virgil,90,5
2025-10-21 13:14:57,1761052497,MISHWEL,YND,False,5,2,0,0,W,False,,,,,,Kylian Mbappé,90,6
2025-10-21 13:07:24,1761052044,Dream FC,ASH,False,5,0,0,0,W,False,,,,,,Erling Haaland,93,6
2025-10-21 06:47:26,1761029246,BANGLADESH,BAN,False,4,1,0,0,W,False,,,,,,Erling Haaland,94,6
2025-10-21 04:56:58,1761022618,BOOS,SAR,True,4,1,0,0,W,False,,,,,,Kylian Mbappé,86,6
2025-10-21 04:34:53,1761021293,BRA,BRA,False,1,1,0,0,D,False,,,,,,Paulo Dybala,95,6
2025-10-20 21:19:00,1760995140,APK,APK,False,2,1,0,0,W,False,,,,,,Kylian Mbappé,92,6
2025-10-20 21:10:51,1760994651,FCBARCELONA,FCB,False,2,4,0,0,L,False,,,,,,Cristiano Ronaldo,92,6
2025-10-20 21:02:49,1760994169,MD TOPU,MDT,True,1,6,0,0,L,False,,,,,,Heungmin,93,6
2025-10-20 15:15:43,1760973343,NASRULLAH FC,NAS,True,2,1,0,0,W,False,,,,,,Casemiro,93,6
2025-10-20 14:58:17,1760972297,BAGLADESH,ALM,False,3,2,0,0,W,False,,,,,,Erling Haaland,93,6
2025-10-20 14:29:43,1760970583,CALL ME DADY,CAL,True,2,0,0,0,W,False,,,,,,Erling Haaland,95,6
2025-10-20 10:23:04,1760955784,ROCK,LEE,True,1,1,0,0,D,False,,,,,,Kylian Mbappé,93,6
2025-10-20 10:15:48,1760955348,DHAKA OLD BOYS,DHA,False,1,0,0,0,W,False,,,,,,Erling Haaland,93,6
2025-10-20 08:12:44,1760947964,S RENNES,REN,True,1,3,0,0,L,False,,,,,,Arnaud Kalimuendo,90,6
2025-10-20 08:03:27,1760947407,Dream FC,DLS,False,3,0,0,0,W,False,,,,,,Kylian Mbappé,94,7
2025-10-20 07:22:30,1760944950,ARGENTINA,ARG,True,4,0,0,0,W,False,,,,,,Kylian Mbappé,95,7
2025-10-19 19:42:38,1760902958,NEYMAR JR,FCB,False,2,2,0,0,D,False,,,,,,Kylian Mbappé,92,7
2025-10-19 19:30:14,1760902214,AXOM UNITED FC,AXO,True,3,1,0,0,W,False,,,,,,Kylian Mbappé,96,7
2025-10-19 19:00:33,1760900433,SHAKIB,SHA,True,0,3,0,0,L,False,,,,,,Viktor Gyökeres,67,7
2025-10-19 18:52:24,1760899944,CF KONOK,DRE,True,2,1,0,0,W,False,,,,,,Omar Marmoush,92,7
2025-10-19 15:05:06,1760886306,HEROS FC,HFC,False,1,2,0,0,L,False,,,,,,O. Dembélé,92,7
2025-10-19 13:12:05,1760879525,NASIR FC,NAS,False,2,0,0,0,W,False,,,,,,Cristiano Ronaldo,90,7
2025-10-19 13:07:30,1760879250,NORTH EAST FC,NEF,True,4,1,0,0,W,False,,,,,,Ollie Watkins,44,7
2025-10-19 09:41:24,1760866884,SABBIR,SAB,False,1,2,0,0,L,False,,,,,,Erling Haaland,93,6
2025-10-19 08:45:15,1760863515,INDIAN FC,IND,False,0,1,0,0,L,False,,,,,,William Saliba,93,6
2025-10-18 20:40:05,1760820005,JIT,JIT,False,3,2,0,0,W,False,,,,,,Kylian Mbappé,93,6
2025-10-18 20:32:03,1760819523,WESTEEGE,WWW,True,1,2,0,0,L,False,,,,,,Bruno G.,92,6
2025-10-18 20:13:11,1760818391,MAN CITY,NJR,False,0,3,0,0,L,False,,,,,,Virgil,11,6
2025-10-18 18:00:41,1760810441,SFT,NSB,False,0,2,0,0,L,False,,,,,,Virgil,93,6
2025-10-18 15:33:12,1760801592,RONIE,RON,True,5,0,0,0,W,False,,,,,,Kylian Mbappé,90,6
2025-10-17 05:38:21,1760679501,USUF,USU,False,3,2,0,0,W,False,,,,,,Viktor Gyökeres,93,6
2025-10-16 12:39:51,1760618391,PROSOCCERGIANTS FC,PSG,True,0,2,0,0,L,False,,,,,,Kylian Mbappé,91,6
2025-10-16 12:35:36,1760618136,PROSOCCERGIANTS FC,PSG,True,0,3,0,0,L,False,,,,,,Kylian Mbappé,47,6
2025-10-16 12:28:03,1760617683,PROSOCCERGIANTS FC,PSG,True,1,4,0,0,L,False,,,,,,Kylian Mbappé,92,6
2025-10-16 10:34:47,1760610887,PROSOCCERGIANTS FC,PSG,True,0,3,0,0,L,False,,,,,,Kylian Mbappé,91,5
2025-10-15 21:00:44,1760562044,REAL  MADRID,MDA,True,0,0,0,0,D,False,,,,,,Tony Adams,90,5
2025-10-15 18:52:26,1760554346,PROSOCCERGIANTS FC,PSG,True,0,4,0,0,L,False,,,,,,Kylian Mbappé,93,5
2025-10-15 18:45:26,1760553926,PROSOCCERGIANTS FC,PSG,True,3,2,0,0,W,False,,,,,,Viktor Gyökeres,94,5
2025-10-15 18:38:10,1760553490,PROSOCCERGIANTS FC,PSG,True,1,4,0,0,L,False,,,,,,Erling Haaland,95,5
2025-10-15 16:42:38,1760546558,MUZIK FC,MUN,True,2,2,0,0,D,False,,,,,,Viktor Gyökeres,91,5
2025-10-15 13:22:40,1760534560,PROSOCCERGIANTS FC,PSG,True,1,0,0,0,W,False,,,,,,Antonio Rüdiger,91,5
2025-10-15 11:47:09,1760528829,PROSOCCERGIANTS FC,PSG,True,2,2,2,1,PW,True,,,,,,Viktor Gyökeres,121,5
2025-10-15 10:23:48,1760523828,PROSOCCERGIANTS FC,PSG,True,0,4,0,0,L,False,,,,,,Erling Haaland,121,5
2025-10-14 19:53:40,1760471620,IMRAN  C F,ICF,True,1,1,0,0,D,False,,,,,,Vinícius Júnior,92,5
2025-10-14 19:31:59,1760470319,Dream FC,STP,False,3,3,0,0,D,False,,,,,,Lois Openda,93,5
2025-10-14 13:23:01,1760448181,JTB KING,JTB,True,2,2,0,0,D,False,,,,,,Erling Haaland,93,5
2025-10-14 08:47:41,1760431661,MIJAN,MIJ,True,4,0,0,0,W,False,,,,,,Kylian Mbappé,92,6
2025-10-14 07:12:09,1760425929,REAL MADRID CF,REA,True,1,1,0,0,D,False,,,,,,Kylian Mbappé,92,6
2025-10-14 06:29:48,1760423388,Dream FC,AMO,True,2,1,0,0,W,False,,,,,,Erling Haaland,90,6
2025-10-14 04:33:36,1760416416,BANGLADESH,RIF,False,3,1,0,0,W,False,,,,,,Kylian Mbappé,90,6
2025-10-14 04:25:34,1760415934,BRAZIL,BRA,True,3,2,0,0,W,False,,,,,,Erling Haaland,94,6
2025-10-13 19:46:23,1760384783,PROSOCCERGIANTS FC,PSG,True,2,4,0,0,L,False,,,,,,Kylian Mbappé,93,6
2025-10-13 19:40:11,1760384411,PROSOCCERGIANTS FC,PSG,True,0,1,0,0,L,False,,,,,,Antonio Rüdiger,92,6
2025-10-13 19:01:24,1760382084,Dream FC,FCJ,True,2,1,0,0,W,False,,,,,,Viktor Gyökeres,94,6
2025-10-13 18:52:52,1760381572,RONY,RON,False,2,2,0,0,D,False,,,,,,Erling Haaland,94,6
2025-10-13 16:29:09,1760372949,HAYAT,HAY,True,0,2,0,0,L,False,,,,,,J. Alvarez,90,7
2025-10-13 16:19:50,1760372390,ADELATIED  STORM SP  CLUB,ASC,True,4,2,0,0,W,False,,,,,,Erling Haaland,90,7
2025-10-13 14:07:57,1760364477,PROSOCCERGIANTS FC,PSG,True,0,2,0,0,L,False,,,,,,Erling Haaland,92,7
2025-10-13 13:59:50,1760363990,PROSOCCERGIANTS FC,PSG,True,1,2,0,0,L,False,,,,,,Antonio Rüdiger,123,7
2025-10-13 09:52:18,1760349138,BAHDENG DLS,MAW,True,3,0,0,0,W,False,,,,,,Kylian Mbappé,61,7
2025-10-13 08:36:09,1760344569,UGANDA,UGA,False,0,0,0,0,D,False,,,,,,William Saliba,91,7
2025-10-12 20:38:41,1760301521,Dream FC,TI ,True,2,2,0,0,D,False,,,,,,Kylian Mbappé,93,7
2025-10-12 19:40:52,1760298052,REAI,DRM,False,3,1,0,0,W,False,,,,,,Viktor Gyökeres,92,7
2025-10-12 18:09:05,1760292545,REAL MADRID,RMA,True,2,0,0,0,W,False,,,,,,Viktor Gyökeres,45,7
2025-10-12 14:26:54,1760279214,MD SOHAN,MDS,True,1,3,0,0,L,False,,,,,,Erling Haaland,90,7
2025-10-12 14:20:00,1760278800,SDA,SDA,False,0,2,0,0,L,False,,,,,,Virgil,91,7
2025-10-12 07:06:06,1760252766,PROSOCCERGIANTS FC,PSG,True,1,4,0,0,L,False,,,,,,Erling Haaland,90,7
2025-10-12 06:49:00,1760251740,LYNGDOH FC,LYN,False,3,0,0,0,W,False,,,,,,Heungmin,93,7
2025-10-11 17:56:43,1760205403,PROSOCCERGIANTS FC,PSG,True,2,2,1,3,PL,True,,,,,,Viktor Gyökeres,121,7
2025-10-11 17:49:46,1760204986,PROSOCCERGIANTS FC,PSG,True,1,3,0,0,L,False,,,,,,Harry Kane,91,7
2025-10-11 17:00:14,1760202014,LIONEL KHAIRU,LIO,False,3,2,0,0,W,False,,,,,,Viktor Gyökeres,93,8
2025-10-10 12:16:29,1760098589,PROSOCCERGIANTS FC,PSG,True,2,1,0,0,W,False,,,,,,Alexander Isak,92,8
2025-10-10 10:13:25,1760091205,PROSOCCERGIANTS FC,PSG,True,2,3,0,0,L,False,,,,,,Viktor Gyökeres,122,8
2025-10-10 10:11:51,1760091111,PROSOCCERGIANTS FC,PSG,True,0,3,0,0,L,False,,,,,,Benjamin Šeško,5,8
2025-10-10 10:09:20,1760090960,PROSOCCERGIANTS FC,PSG,True,4,1,0,0,W,False,,,,,,Lionel Messi,13,8
2025-10-10 03:32:12,1760067132,MD TACHIN,ZAR,False,4,1,0,0,W,False,,,,,,Cristiano Ronaldo,21,8
2025-10-10 03:27:43,1760066863,BD ARMY,ARM,True,3,0,0,0,W,False,,,,,,Alexander Isak,34,8
2025-10-09 18:26:25,1760034385,PROSOCCERGIANTS FC,PSG,True,1,4,0,0,L,False,,,,,,Lionel Messi,76,8
2025-10-09 18:17:17,1760033837,PROSOCCERGIANTS FC,PSG,True,2,1,0,0,W,False,,,,,,Federico Valverde,91,8
2025-10-09 18:10:47,1760033447,PROSOCCERGIANTS FC,PSG,True,2,4,0,0,L,False,,,,,,Cristiano Ronaldo,91,8
2025-10-09 18:04:21,1760033061,PROSOCCERGIANTS FC,PSG,True,0,5,0,0,L,False,,,,,,Benjamin Šeško,92,8
2025-10-09 17:59:45,1760032785,PROSOCCERGIANTS FC,PSG,True,0,3,0,0,L,False,,,,,,B. Barcola,47,8
2025-10-09 14:00:30,1760018430,SHORIF,SHO,True,1,2,0,0,L,False,,,,,,Cristiano Ronaldo,92,8
2025-10-09 12:27:19,1760012839,PROSOCCERGIANTS FC,PSG,True,1,3,0,0,L,False,,,,,,Harry Kane,92,8
2025-10-08 19:37:38,1759952258,PROSOCCERGIANTS FC,PSG,True,0,4,0,0,L,False,,,,,,Benjamin Šeško,91,8
2025-10-08 19:30:02,1759951802,PROSOCCERGIANTS FC,PSG,True,1,6,0,0,L,False,,,,,,Kylian Mbappé,97,8
2025-10-08 15:54:07,1759938847,JEET,JET,True,0,1,0,0,L,False,,,,,,Kylian Mbappé,90,8
2025-10-08 15:45:49,1759938349,NASIM JR,NAS,True,1,2,0,0,L,False,,,,,,Alexis Mac Allister,91,8
2025-10-08 14:45:22,1759934722,PROSOCCERGIANTS FC,PSG,True,0,3,0,0,L,False,,,,,,Kevin De Bruyne,91,8
2025-10-08 14:34:52,1759934092,PROSOCCERGIANTS FC,PSG,True,1,3,0,0,L,False,,,,,,Kylian Mbappé,92,8
2025-10-08 14:27:19,1759933639,PROSOCCERGIANTS FC,PSG,True,1,2,0,0,L,False,,,,,,Alexander Isak,90,8
2025-10-08 14:20:53,1759933253,PROSOCCERGIANTS FC,PSG,True,1,4,0,0,L,False,,,,,,Benjamin Šeško,91,8
2025-10-08 13:29:49,1759930189,Dream FC,DRE,True,5,0,0,0,W,False,,,,,,Alexander Isak,91,8
2025-10-08 12:22:40,1759926160,BRASIL,BRA,False,4,2,0,0,W,False,,,,,,Alexander Isak,94,8
2025-10-08 07:51:38,1759909898,IMRAN  FC,IMR,True,0,1,0,0,L,False,,,,,,J. Alvarez,93,8
2025-10-07 19:18:46,1759864726,ADYDJCH,ABD,False,1,1,0,0,D,False,,,,,,Viktor Gyökeres,95,8
2025-10-07 14:19:38,1759846778,Dream FC,DRM,False,1,1,0,0,D,False,,,,,,Micky van de Ven,96,8
2025-10-07 14:17:52,1759846672,REAL MARID,RLD,True,3,0,0,0,W,False,,,,,,Viktor Gyökeres,16,8
2025-10-07 14:10:19,1759846219,Dream FC,KAM,False,1,5,0,0,L,False,,,,,,Lionel Messi,95,8
2025-10-07 14:01:59,1759845719,OVI,OVI,False,1,5,0,0,L,False,,,,,,Harry Kane,93,8
2025-10-07 11:55:13,1759838113,ARGENTINA,ARG,False,2,2,0,0,D,False,,,,,,Viktor Gyökeres,93,8
2025-10-07 11:32:02,1759836722,PROSOCCERGIANTS FC,PSG,True,0,0,0,3,PL,True,,,,,,Benjamin Šeško,120,8
2025-10-07 11:25:16,1759836316,PROSOCCERGIANTS FC,PSG,True,0,3,0,0,L,False,,,,,,Manuel Ugarte,96,8
2025-10-07 07:04:26,1759820666,RAU,RAU,False,2,2,0,0,D,False,,,,,,Viktor Gyökeres,94,8
2025-10-06 20:36:31,1759782991,ALEX,ALE,True,0,1,0,0,L,False,,,,,,B. Fernandes,92,8
2025-10-06 20:03:23,1759781003,RAJAFOR,RAJ,False,2,1,0,0,W,False,,,,,,Cristiano Ronaldo,92,8
2025-10-06 19:53:45,1759780425,PROSOCCERGIANTS FC,PSG,True,3,1,0,0,W,False,,,,,,Heungmin,92,8
2025-10-06 19:47:24,1759780044,PROSOCCERGIANTS FC,PSG,True,0,1,0,0,L,False,,,,,,Benjamin Šeško,92,8
2025-10-06 19:36:03,1759779363,PROSOCCERGIANTS FC,PSG,True,2,3,0,0,L,False,,,,,,Benjamin Šeško,91,8
2025-10-06 19:28:49,1759778929,PROSOCCERGIANTS FC,PSG,True,0,3,0,0,L,False,,,,,,Kylian Mbappé,90,8
2025-10-06 19:05:32,1759777532,ARGENTINA,ARG,False,1,3,0,0,L,False,,,,,,Viktor Gyökeres,92,8
2025-10-06 18:56:39,1759776999,CHIGOGODZA FC,CHI,False,2,2,0,0,D,False,,,,,,Heungmin,92,8
2025-10-06 16:53:23,1759769603,R J,RQT,True,1,1,0,0,D,False,,,,,,Marquinhos,92,8
2025-10-06 14:32:54,1759761174,FC SULTAN,FCS,True,2,0,0,0,W,False,,,,,,Lois Openda,90,8
2025-10-06 09:35:36,1759743336,PROSOCCERGIANTS FC,PSG,True,2,4,0,0,L,False,,,,,,Ivan Toney,92,8
2025-10-06 09:29:34,1759742974,PROSOCCERGIANTS FC,PSG,True,0,2,0,0,L,False,,,,,,Kylian Mbappé,92,8
2025-10-05 21:56:59,1759701419,YGGVHHHVHJJJJNNNNN,YGG,True,3,2,0,0,W,False,,,,,,Ivan Toney,93,8
2025-10-05 21:39:13,1759700353,PORTUGAL,POR,True,0,3,0,0,L,False,,,,,,Harry Kane,93,8
2025-10-05 20:26:02,1759695962,PROSOCCERGIANTS FC,PSG,True,1,3,0,0,L,False,,,,,,Erling Haaland,92,8
2025-10-05 20:18:39,1759695519,PROSOCCERGIANTS FC,PSG,True,0,2,0,0,L,False,,,,,,Cristiano Ronaldo,94,8
2025-10-05 20:11:56,1759695116,PROSOCCERGIANTS FC,PSG,True,1,0,0,0,W,False,,,,,,Cody Gakpo,91,8
2025-10-05 19:44:48,1759693488,PROSOCCERGIANTS FC,PSG,True,1,2,0,0,L,False,,,,,,Benjamin Šeško,91,8
2025-10-05 19:38:06,1759693086,PROSOCCERGIANTS FC,PSG,True,0,3,0,0,L,False,,,,,,Iñaki Williams,90,8
2025-10-05 13:05:06,1759669506,MANCHESTER UNITED,LOK,False,0,2,0,0,L,False,,,,,,Mats Hummels,91,8
2025-10-05 11:53:27,1759665207,UZBEKISTAN,UFA,True,3,0,0,0,W,False,,,,,,Heungmin,6,8
2025-10-05 11:26:07,1759663567,PROSOCCERGIANTS FC,PSG,True,5,0,0,0,W,False,,,,,,Lois Openda,90,8
2025-10-05 11:18:09,1759663089,PROSOCCERGIANTS FC,PSG,True,7,0,0,0,W,False,,,,,,Lois Openda,90,8
2025-10-05 11:11:20,1759662680,PROSOCCERGIANTS FC,PSG,True,2,3,0,0,L,False,,,,,,Heungmin,90,8
2025-10-05 11:03:47,1759662227,PROSOCCERGIANTS FC,PSG,True,1,4,0,0,L,False,,,,,,Brennan Johnson,95,8
2025-10-05 07:20:03,1759648803,PROSOCCERGIANTS FC,PSG,True,1,5,0,0,L,False,,,,,,Kylian Mbappé,94,8
2025-10-04 21:26:36,1759613196,MONIR,MIS,False,1,4,0,0,L,False,,,,,,J. David,93,8
2025-10-04 19:51:20,1759607480,VIMAL FC,VFC,False,1,2,0,0,L,False,,,,,,Sinclair Armstrong,94,8
2025-10-04 19:42:38,1759606958,PROSOCCERGIANTS FC,PSG,True,1,2,0,0,L,False,,,,,,Benjamin Šeško,95,8
2025-10-04 19:30:46,1759606246,PROSOCCERGIANTS FC,PSG,True,2,2,7,6,PW,True,,,,,,Benjamin Šeško,122,8
2025-10-04 19:23:08,1759605788,PROSOCCERGIANTS FC,PSG,True,0,4,0,0,L,False,,,,,,Benjamin Šeško,92,8
2025-10-04 19:16:24,1759605384,PROSOCCERGIANTS FC,PSG,True,2,5,0,0,L,False,,,,,,Brennan Johnson,92,8
2025-10-04 18:28:34,1759602514,BARISHAL FC,ARF,False,1,2,0,0,L,False,,,,,,Vinícius Júnior,95,8
2025-10-04 18:17:13,1759601833,PROSOCCERGIANTS FC,PSG,True,1,3,0,0,L,False,,,,,,Brennan Johnson,92,8
2025-10-04 18:10:06,1759601406,PROSOCCERGIANTS FC,PSG,True,1,5,0,0,L,False,,,,,,Brennan Johnson,93,8
2025-10-04 16:17:28,1759594648,JOAYER,HAS,False,3,5,0,0,L,False,,,,,,Ángel Di María,92,8
2025-10-04 14:20:24,1759587624,ROHIT XI,ROH,True,4,1,0,0,W,False,,,,,,Lois Openda,96,9
2025-10-04 12:05:50,1759579550,AKLAK,PRT,True,3,2,0,0,W,False,,,,,,Lois Openda,93,9
2025-10-04 11:46:40,1759578400,PROSOCCERGIANTS FC,PSG,True,2,3,0,0,L,False,,,,,,Benjamin Šeško,92,9
2025-10-04 11:14:44,1759576484,REAL MADRID,CBF,False,2,1,0,0,W,False,,,,,,Jarrod Bowen,94,9
2025-10-04 10:46:14,1759574774,RMD,RMD,False,1,3,0,0,L,False,,,,,,Cristiano Ronaldo,96,9
2025-10-04 10:45:02,1759574702,ARGENTHINA,ARG,True,0,3,0,0,L,False,,,,,,Cristiano Ronaldo,4,9
2025-10-04 07:54:42,1759564482,PROSOCCERGIANTS FC,PSG,True,0,1,0,0,L,False,,,,,,Ola Aina,90,9
2025-10-04 06:23:57,1759559037,CBF,SHB,True,1,3,0,0,L,False,,,,,,Lautaro,91,9
2025-10-03 22:23:22,1759530202,SAVE INDIAN MUSLIM,FPN,False,2,3,0,0,L,False,,,,,,Harry Kane,95,9
2025-10-03 22:11:52,1759529512,EAST BENGAL FC,EBC,False,4,3,0,0,W,False,,,,,,Cody Gakpo,120,9
2025-10-03 20:39:57,1759523997,PROSOCCERGIANTS FC,PSG,True,2,7,0,0,L,False,,,,,,Benjamin Šeško,92,9
2025-10-03 20:33:36,1759523616,PROSOCCERGIANTS FC,PSG,True,3,4,0,0,L,False,,,,,,Benjamin Šeško,92,9
2025-10-03 20:24:35,1759523075,PROSOCCERGIANTS FC,PSG,True,2,3,0,0,L,False,,,,,,Benjamin Šeško,122,9
2025-10-03 20:18:31,1759522711,PROSOCCERGIANTS FC,PSG,True,0,3,0,0,L,False,,,,,,Benjamin Šeško,92,9
2025-10-03 19:07:24,1759518444,MAHMUD FC,MAH,False,3,0,0,0,W,False,,,,,,Jarrod Bowen,26,9
2025-10-03 18:18:40,1759515520,ARG,ARG,True,2,2,5,6,PL,True,,,,,,Ávila Chimy,124,9
2025-10-03 16:18:21,1759508301,MMMM,MMM,True,3,3,2,3,PL,True,,,,,,Moise Kean,121,10
2025-10-03 16:04:21,1759507461,PROSOCCERGIANTS FC,PSG,True,3,0,0,0,W,False,,,,,,Cody Gakpo,37,10
2025-10-03 15:38:21,1759505901,REAL MADRID,RMA,True,3,0,0,0,W,False,,,,,,Cody Gakpo,11,10
2025-10-03 14:58:15,1759503495,TOPU,TOP,True,3,0,0,0,W,False,,,,,,Rayan Aït-Nouri,10,10
2025-10-03 13:53:08,1759499588,LA  PULGA,FCB,False,2,1,0,0,W,False,,,,,,Jarrod Bowen,94,10
2025-10-03 12:42:12,1759495332,OXYGEN,OXY,True,3,0,0,0,W,False,,,,,,Ivan Toney,94,10
2025-10-03 12:00:23,1759492823,ROCKET,FCY,False,2,4,0,0,L,False,,,,,,Lamine Yamal,122,10
2025-10-03 07:40:31,1759477231,PROSOCCERGIANTS FC,PSG,True,3,2,0,0,W,False,,,,,,Cody Gakpo,91,10
2025-10-03 06:12:45,1759471965,ESPEN,BRA,False,2,6,0,0,L,False,,,,,,Noni Madueke,69,10
2025-10-03 06:04:26,1759471466,ABIR,ABI,True,1,2,0,0,L,False,,,,,,Cody Gakpo,91,10
2025-10-02 20:05:16,1759435516,PROSOCCERGIANTS FC,PSG,True,1,6,0,0,L,False,,,,,,Benjamin Šeško,94,10
2025-10-02 19:57:48,1759435068,PROSOCCERGIANTS FC,PSG,True,1,5,0,0,L,False,,,,,,Benjamin Šeško,93,10
2025-10-02 18:36:18,1759430178,FIGHTER FC,FIG,False,1,2,0,0,L,False,,,,,,Dujuan Richards,91,11
2025-10-02 17:39:44,1759426784,RAFI,RAF,False,0,4,0,0,L,False,,,,,,Kylian Mbappé,58,11
2025-10-02 16:29:36,1759422576,RIFAT,BFC,False,4,1,0,0,W,False,,,,,,Erling Haaland,79,11
2025-10-02 14:40:13,1759416013,SAHALM,ALA,True,0,1,0,0,L,False,,,,,,Lionel Messi,95,11
2025-10-02 10:09:03,1759399743,PROSOCCERGIANTS FC,PSG,True,1,4,0,0,L,False,,,,,,Benjamin Šeško,93,11
2025-10-02 10:01:16,1759399276,PROSOCCERGIANTS FC,PSG,True,0,4,0,0,L,False,,,,,,Kylian Mbappé,96,11
2025-10-02 09:38:53,1759397933,PROSOCCERGIANTS FC,PSG,True,0,1,0,0,L,False,,,,,,Brennan Johnson,90,11
2025-10-02 09:17:18,1759396638,RABBI,RAB,False,2,0,0,0,W,False,,,,,,Cody Gakpo,90,11
2025-10-01 23:27:38,1759361258,ARIYAN,ARI,False,0,2,0,0,L,False,,,,,,Lois Openda,90,11
2025-10-01 17:45:39,1759340739,PROSOCCERGIANTS FC,PSG,True,0,4,0,0,L,False,,,,,,Benjamin Šeško,92,11
2025-10-01 17:38:50,1759340330,PROSOCCERGIANTS FC,PSG,True,1,3,0,0,L,False,,,,,,Brennan Johnson,94,11
2025-10-01 17:28:46,1759339726,PROSOCCERGIANTS FC,PSG,True,0,6,0,0,L,False,,,,,,Kylian Mbappé,90,11
2025-10-01 17:22:01,1759339321,PROSOCCERGIANTS FC,PSG,True,0,1,0,0,L,False,,,,,,E. Militão,94,11
2025-10-01 16:50:13,1759337413,PROSOCCERGIANTS FC,PSG,True,0,6,0,0,L,False,,,,,,Erling Haaland,91,11
2025-10-01 16:40:30,1759336830,Dream FC,FCC,True,5,2,0,0,W,False,,,,,,Cody Gakpo,101,11
2025-10-01 12:41:39,1759322499,LAJONG,LAJ,False,2,1,0,0,W,False,,,,,,Cody Gakpo,94,11
2025-10-01 10:09:36,1759313376,NOION   J R,NOI,True,1,3,0,0,L,False,,,,,,Raphinha,91,11
2025-10-01 08:31:15,1759307475,Dream FC,MDK,True,1,2,0,0,L,False,,,,,,Ante Budimir,93,11
2025-10-01 06:53:46,1759301626,PROSOCCERGIANTS FC,PSG,True,0,0,2,3,PL,True,,,,,,James Trafford,121,11
2025-10-01 06:46:35,1759301195,PROSOCCERGIANTS FC,PSG,True,0,3,0,0,L,False,,,,,,Brennan Johnson,95,11
2025-10-01 06:38:52,1759300732,PROSOCCERGIANTS FC,PSG,True,1,2,0,0,L,False,,,,,,Brennan Johnson,93,11
2025-09-30 20:51:49,1759265509,AL NASIR,ALN,True,3,5,0,0,L,False,,,,,,Iñaki Williams,93,11
2025-09-30 20:43:59,1759265039,P     A      G      E,PAG,True,3,2,0,0,W,False,,,,,,Cody Gakpo,90,11
2025-09-30 20:36:08,1759264568,BARCELONA,BAR,True,1,2,0,0,L,False,,,,,,Alexander Isak,92,11
2025-09-30 19:42:33,1759261353,MAHIM SARKAR,MAH,True,1,2,0,0,L,False,,,,,,Kingsley Coman,90,10
2025-09-30 19:33:51,1759260831,RAINA FC,RAI,False,0,3,0,0,L,False,,,,,,Cristiano Ronaldo,93,10
2025-09-30 19:26:05,1759260365,SIMRAN,SIM,False,1,5,0,0,L,False,,,,,,Lamine Yamal,92,10
2025-09-30 19:22:50,1759260170,DIDARUL  KARIM,DID,False,3,0,0,0,W,False,,,,,,Alexander Jensen,34,10
2025-09-30 19:14:37,1759259677,RIFAT NX,RIF,True,0,5,0,0,L,False,,,,,,Robert Lewandowski,93,10
2025-09-30 17:24:54,1759253094,PROSOCCERGIANTS FC,PSG,True,0,0,4,5,PL,True,,,,,,Antonio Rüdiger,121,10
2025-09-30 17:17:38,1759252658,PROSOCCERGIANTS FC,PSG,True,2,4,0,0,L,False,,,,,,Luuk de Jong,93,10
2025-09-30 17:10:09,1759252209,PROSOCCERGIANTS FC,PSG,True,1,3,0,0,L,False,,,,,,Luuk de Jong,98,10
2025-09-30 16:25:29,1759249529,Dream FC,RAM,False,0,1,0,0,L,False,,,,,,Josh Sargent,93,10
2025-09-30 16:22:47,1759249367,MANCHESTER CITY,MCT,True,3,0,0,0,W,False,,,,,,Jarrod Bowen,18,10
2025-09-30 13:06:54,1759237614,TUSHER,MRT,False,0,1,0,0,L,False,,,,,,Erling Haaland,92,10
2025-09-30 11:12:29,1759230749,BANGLADESH,BAN,True,1,2,0,0,L,False,,,,,,Kylian Mbappé,90,10
2025-09-30 06:09:50,1759212590,PROSOCCERGIANTS FC,PSG,True,0,1,0,0,L,False,,,,,,Luuk de Jong,92,10
2025-09-30 06:03:29,1759212209,PROSOCCERGIANTS FC,PSG,True,1,3,0,0,L,False,,,,,,Luuk de Jong,94,10
2025-09-29 18:25:38,1759170338,MILESTONE FC,MIL,False,2,1,0,0,W,False,,,,,,Cody Gakpo,94,10
2025-09-29 17:15:50,1759166150,HALABARCHA,HBA,True,0,3,0,0,L,False,,,,,,Mateo Retegui,91,10
2025-09-29 16:50:26,1759164626,MDRABBI,RAB,True,4,1,0,0,W,False,,,,,,Jarrod Bowen,96,10
2025-09-29 16:35:02,1759163702,NUMAN,NUM,False,2,2,3,1,PW,True,,,,,,Ivan Toney,121,10
2025-09-29 16:26:45,1759163205,REDHAWKS,RHK,False,4,1,0,0,W,False,,,,,,Jarrod Bowen,51,10
2025-09-29 12:01:37,1759147297,MD SAGOR S J,MDS,True,3,0,0,0,W,False,,,,,,Harvey Barnes,5,10
2025-09-29 11:28:09,1759145289,A   FOZOL,AFO,False,2,5,0,0,L,False,,,,,,Jarrod Bowen,120,10
2025-09-29 04:43:30,1759121010,S S,MAN,False,3,0,0,0,W,False,,,,,,Cody Gakpo,44,10
2025-09-29 04:36:12,1759120572,SHANTO FC,SFC,True,0,2,0,0,L,False,,,,,,Cristian Romero,94,10
2025-09-28 23:08:25,1759100905,AK      T,AKT,True,0,3,0,0,L,False,,,,,,Vinícius Júnior,92,10
2025-09-28 23:06:43,1759100803,ARGINTINA,ARG,True,3,0,0,0,W,False,,,,,,Gerson Rodrigues,17,10
2025-09-28 14:18:06,1759069086,MAN MNM,MAN,False,1,0,0,0,W,False,,,,,,Sam Beukema,95,10
2025-09-28 11:50:18,1759060218,ROBIN,ROB,True,2,1,0,0,W,False,,,,,,Ivan Toney,120,10
2025-09-28 08:15:06,1759047306,FCJ,FCJ,False,0,3,0,0,L,False,,,,,,Edson Álvarez,93,10
2025-09-28 06:52:14,1759042334,BARCALONA,FCB,False,1,0,0,0,W,False,,,,,,Jarrod Bowen,93,11
2025-09-28 05:51:17,1759038677,ABDULLAH,ABD,False,2,1,0,0,W,False,,,,,,Ivan Toney,93,11
2025-09-27 21:53:57,1759010037,REAL MADRID,MRD,False,0,1,0,0,L,False,,,,,,Daichi Kamada,94,11
2025-09-27 18:11:33,1758996693,PROSOCCERGIANTS FC,PSG,True,4,1,0,0,W,False,,,,,,Corentin Tolisso,45,11
2025-09-27 18:05:26,1758996326,PROSOCCERGIANTS FC,PSG,True,0,3,0,0,L,False,,,,,,Brennan Johnson,91,11
2025-09-27 17:56:22,1758995782,ROYAL  RONY  KINGS  XI,RRK,True,0,3,0,0,L,False,,,,,,Michail Antonio,95,11
2025-09-27 17:54:26,1758995666,Dream FC,HGS,True,3,0,0,0,W,False,,,,,,Jarrod Bowen,10,11
2025-09-27 07:37:13,1758958633,Dream FC,ARF,True,0,2,0,0,L,False,,,,,,Harry Kane,94,10
2025-09-27 05:50:34,1758952234,MAWSIANGJAJER,MAW,True,3,0,0,0,W,False,,,,,,Ivan Toney,16,11
2025-09-27 05:49:36,1758952176,GANGAPUR SPORTING CLUB,AFA,False,3,0,0,0,W,False,,,,,,Cody Gakpo,5,11
2025-09-26 23:54:03,1758930843,BRAZIL,CBF,True,2,3,0,0,L,False,,,,,,Gianfranco Zola,90,11
2025-09-26 23:51:11,1758930671,LIFE WITH SUHAIL,LIF,False,3,0,0,0,W,False,,,,,,Ivan Toney,35,11
2025-09-26 23:45:02,1758930302,KHANN,KHA,True,1,0,0,0,W,False,,,,,,James Trafford,86,11
2025-09-26 16:52:18,1758905538,MD HAON,HAS,True,3,0,0,0,W,False,,,,,,James Trafford,37,11
2025-09-26 16:27:56,1758904076,MAWKMA,MAW,False,3,0,0,0,W,False,,,,,,Ivan Toney,90,12
2025-09-26 16:19:09,1758903549,Dream FC,MAN,False,2,1,0,0,W,False,,,,,,Cody Gakpo,45,12
2025-09-26 15:14:04,1758899644,PS IMRAN,PSI,True,0,3,0,0,L,False,,,,,,Antonio Rüdiger,122,12
2025-09-26 14:51:18,1758898278,BANGLADESH,BLE,False,2,1,0,0,W,False,,,,,,Cody Gakpo,91,12
2025-09-26 14:48:04,1758898084,HARIK,HAR,False,3,0,0,0,W,False,,,,,,Christian Kabasele,27,12
2025-09-26 14:14:26,1758896066,EMTIJ,DLS,True,4,1,0,0,W,False,,,,,,Matthijs de Ligt,105,12
2025-09-26 08:46:51,1758876411,MOHUN BAGAN,MOH,True,1,2,0,0,L,False,,,,,,Oskar Zawada,120,12
2025-09-26 08:16:01,1758874561,MOHUN BAGAN,IND,False,3,0,0,0,W,False,,,,,,Ivan Toney,68,12
2025-09-25 19:52:01,1758829921,NORTH PANUA,NOR,False,5,3,0,0,W,False,,,,,,Harvey Barnes,90,12
2025-09-25 19:42:13,1758829333,BF C,BFC,False,1,4,0,0,L,False,,,,,,G. Ramos,94,12
2025-09-25 18:27:23,1758824843,SOJOL,BAN,True,2,3,0,0,L,False,,,,,,Paulo Dybala,93,12
2025-09-25 15:52:50,1758815570,PROSOCCERGIANTS FC,PSG,True,2,0,0,0,W,False,,,,,,Cody Gakpo,91,12
2025-09-25 15:50:24,1758815424,PROSOCCERGIANTS FC,PSG,True,0,3,0,0,L,False,,,,,,Kylian Mbappé,19,12
2025-09-25 15:32:26,1758814346,ARGENTINA,EMO,True,2,2,4,3,PW,True,,,,,,Marcus Thuram,121,12
2025-09-25 15:22:16,1758813736,FAHAD,FAH,True,0,3,0,0,L,False,,,,,,Bremer,91,12
2025-09-25 13:44:04,1758807844,PURNA,PUR,False,4,0,0,0,W,False,,,,,,Jarrod Bowen,92,11
2025-09-25 10:48:46,1758797326,MD SAKIB,BRA,True,1,2,0,0,L,False,,,,,,Vinícius Júnior,93,11
2025-09-25 06:42:34,1758782554,Dream FC,MIA,False,1,2,0,0,L,False,,,,,,Lautaro,91,11
2025-09-25 06:35:44,1758782144,ARGENTINA,ARG,True,5,1,0,0,W,False,,,,,,O. Sancet,79,11
2025-09-24 18:40:49,1758739249,WNKK,WNK,True,3,0,0,0,W,False,,,,,,Jarrod Bowen,84,11
2025-09-24 18:01:22,1758736882,DBN SJ Z,DBN,True,0,1,0,0,L,False,,,,,,Cody Gakpo,91,11
2025-09-24 15:37:29,1758728249,SAGARMATHA FC,SAG,False,3,2,0,0,W,False,,,,,,Jarrod Bowen,93,11
2025-09-24 14:32:40,1758724360,PROSOCCERGIANTS FC,PSG,True,4,0,0,0,W,False,,,,,,Jarrod Bowen,92,11
2025-09-24 14:25:34,1758723934,PROSOCCERGIANTS FC,PSG,True,4,3,0,0,W,False,,,,,,Cody Gakpo,92,11
2025-09-24 14:18:04,1758723484,PROSOCCERGIANTS FC,PSG,True,2,3,0,0,L,False,,,,,,Brennan Johnson,91,11
2025-09-24 14:11:11,1758723071,PROSOCCERGIANTS FC,PSG,True,1,4,0,0,L,False,,,,,,Cristiano Ronaldo,92,11
2025-09-24 12:47:14,1758718034,PROSOCCERGIANTS FC,PSG,True,1,0,0,0,W,False,,,,,,Sam Beukema,92,11
2025-09-24 12:39:46,1758717586,PROSOCCERGIANTS FC,PSG,True,0,4,0,0,L,False,,,,,,Luuk de Jong,93,11
2025-09-24 12:14:36,1758716076,PROSOCCERGIANTS FC,PSG,True,0,3,0,0,L,False,,,,,,Bernd Leno,13,11
2025-09-24 09:58:52,1758707932,PROSOCCERGIANTS FC,PSG,True,0,3,0,0,L,False,,,,,,Brennan Johnson,8,11
2025-09-24 09:28:47,1758706127,PROSOCCERGIANTS FC,PSG,True,3,5,0,0,L,False,,,,,,Brennan Johnson,91,11
2025-09-24 06:18:30,1758694710,MAHADI,MAH,True,0,4,0,0,L,False,,,,,,Cristiano Ronaldo,82,11
2025-09-23 22:10:37,1758665437,KARIMUL,KRM,True,1,1,0,0,D,False,,,,,,Matteo Politano,92,12
2025-09-23 22:04:31,1758665071,PORTUGAL,RMF,False,3,0,0,0,W,False,,,,,,Cody Gakpo,90,12
2025-09-23 16:56:10,1758646570,MOIKOE,MOI,False,5,1,0,0,W,False,,,,,,Cody Gakpo,93,12
2025-09-23 16:19:06,1758644346,Dream FC,10D,False,5,2,0,0,W,False,,,,,,Vinícius Júnior,62,12
2025-09-23 12:43:59,1758631439,ZBDR,ZBD,False,3,0,0,0,W,False,,,,,,Cody Gakpo,15,12
2025-09-23 12:01:06,1758628866,BARZIL,BAR,False,0,3,0,0,L,False,,,,,,Zak Vyner,92,11
2025-09-23 08:20:10,1758615610,TANMOY FC,TAN,True,1,2,0,0,L,False,,,,,,Yacine Adli,93,11
2025-09-23 07:33:20,1758612800,VAWRIYA XI,VXI,False,1,1,0,0,D,False,,,,,,Angel Romero,91,11
2025-09-23 07:23:07,1758612187,SAJIB,BBB,True,0,3,0,0,L,False,,,,,,Emmanuel Emegha,93,11
2025-09-23 06:30:04,1758609004,REL MADRED,REL,False,1,2,0,0,L,False,,,,,,Dennis Bergkamp,91,11
2025-09-23 05:43:51,1758606231,SAKIB BOSS,SAK,False,2,2,0,0,D,False,,,,,,Cristiano Ronaldo,94,12
2025-09-23 05:41:10,1758606070,M  PALNA,MMC,False,3,0,0,0,W,False,,,,,,Cody Gakpo,20,12
2025-09-23 05:36:20,1758605780,Dream FC,SHI,True,3,0,0,0,W,False,,,,,,Matthijs de Ligt,17,12
2025-09-23 04:23:33,1758601413,Dream FC,IND,False,4,1,0,0,W,False,,,,,,Cody Gakpo,94,12
2025-09-23 04:14:09,1758600849,JOHURUL,JOH,False,5,2,0,0,W,False,,,,,,Eduardo Camavinga,90,12
2025-09-22 20:23:40,1758572620,RAFE,SSS,False,1,3,0,0,L,False,,,,,,Cristiano Ronaldo,91,12
2025-09-22 20:17:45,1758572265,FC   GOA,FCG,False,0,1,0,0,L,False,,,,,,J. Jorquera,91,12
2025-09-22 19:02:47,1758567767,PSD,SAY,False,1,1,0,0,D,False,,,,,,Gabriel Martinelli,93,12
2025-09-22 15:53:43,1758556423,ANTOR,ANT,True,2,3,0,0,L,False,,,,,,Declan Rice,93,12
2025-09-22 15:38:47,1758555527,LABIBCHY,LAB,False,0,0,0,0,D,False,,,,,,Viktor Tsygankov,96,12
2025-09-22 15:29:37,1758554977,RE NIV,REN,True,2,1,0,0,W,False,,,,,,Cody Gakpo,92,12
2025-09-22 15:21:00,1758554460,BITUL,BIT,True,2,2,0,0,D,False,,,,,,Vitinha,95,12
2025-09-22 15:14:38,1758554078,SHXGEX,ADJ,True,1,2,0,0,L,False,,,,,,Jarrod Bowen,90,12
2025-09-22 13:26:49,1758547609,PROSOCCERGIANTS FC,PSG,True,1,4,0,0,L,False,,,,,,Harry Kane,92,12
2025-09-22 11:30:54,1758540654,PROSOCCERGIANTS FC,PSG,True,1,2,0,0,L,False,,,,,,Brennan Johnson,93,12
2025-09-22 11:23:11,1758540191,PROSOCCERGIANTS FC,PSG,True,1,4,0,0,L,False,,,,,,Harry Kane,90,12
2025-09-22 11:11:51,1758539511,PROSOCCERGIANTS FC,PSG,True,0,3,0,0,L,False,,,,,,Luuk de Jong,90,12
2025-09-22 11:03:11,1758538991,THE  UNITED FOOTBALL  CLUB,TUF,True,3,1,0,0,W,False,,,,,,Ivan Toney,91,12
2025-09-22 09:27:00,1758533220,PROSOCCERGIANTS FC,PSG,True,0,3,0,0,L,False,,,,,,Jarrod Bowen,95,13
2025-09-22 08:20:51,1758529251,Dream FC,SK ,False,3,0,0,0,W,False,,,,,,O. Sancet,21,13
2025-09-22 08:17:24,1758529044,IMRAN,IMR,False,3,0,0,0,W,False,,,,,,Cody Gakpo,17,13
2025-09-22 08:15:25,1758528925,RONE,RON,False,3,0,0,0,W,False,,,,,,Cody Gakpo,6,13
2025-09-22 07:41:08,1758526868,MOMINUR,MOM,False,4,1,0,0,W,False,,,,,,Ivan Toney,94,13
2025-09-22 07:33:22,1758526402,RAYBSHNJKDDWSOKXKIKMJHDB,AEG,True,7,4,0,0,W,False,,,,,,Vinícius Júnior,80,14
2025-09-22 07:17:56,1758525476,MAHIN,MAH,True,5,2,0,0,W,False,,,,,,Federico Chiesa,78,14
2025-09-22 06:45:04,1758523504,BRAINVOLTS FC,BRA,True,0,3,0,0,L,False,,,,,,Kiki,90,14
2025-09-22 06:01:16,1758520876,PORTUGAL,POR,True,3,0,0,0,W,False,,,,,,Jarrod Bowen,82,14
2025-09-22 03:29:57,1758511797,BARCELONA,FCB,False,0,1,0,0,L,False,,,,,,Clinton Mata,92,14
2025-09-22 03:21:47,1758511307,THUNDARHAWKS,THU,False,2,1,0,0,W,False,,,,,,Cody Gakpo,94,14
2025-09-21 19:57:25,1758484645,RIFAT,RIF,True,2,5,0,0,L,False,,,,,,Ayoub El Kaabi,97,13
2025-09-21 06:30:39,1758436239,Dream FC,TAM,False,2,3,0,0,L,False,,,,,,Drey Wright,94,13
2025-09-21 04:15:43,1758428143,Dream FC,SUB,False,3,4,0,0,L,False,,,,,,Marcus Thuram,95,13
2025-09-21 03:33:33,1758425613,MR     MOMIN       BOSS,MRM,False,4,1,0,0,W,False,,,,,,Cody Gakpo,95,13
2025-09-21 03:26:16,1758425176,COBRA,COB,False,0,1,0,0,L,False,,,,,,Leandro Paredes,93,13
2025-09-21 00:34:13,1758414853,NAIDU  FC,NAI,True,3,1,0,0,W,False,,,,,,Jarrod Bowen,92,13
2025-09-21 00:24:20,1758414260,ARJINTINA,JTM,False,1,3,0,0,L,False,,,,,,Pierre-Emile Højbjerg,93,13
2025-09-21 00:18:10,1758413890,HASIB,HAS,True,3,0,0,0,W,False,,,,,,Jarrod Bowen,41,14
2025-09-21 00:09:07,1758413347,SIYUM,ARG,False,1,0,0,0,W,False,,,,,,Sam Beukema,92,14
2025-09-21 00:04:17,1758413057,MD ASHIK,MDA,True,4,0,0,0,W,False,,,,,,Cody Gakpo,44,14
2025-09-20 18:54:23,1758394463,MAN CITY,MCT,True,1,1,0,0,D,False,,,,,,George Robesten,91,14
2025-09-20 18:44:52,1758393892,ROMA,ROM,False,2,2,0,0,D,False,,,,,,Luuk de Jong,95,14
2025-09-20 18:40:22,1758393622,RANGPUR RANGERS,RAN,True,3,0,0,0,W,False,,,,,,Cody Gakpo,24,14
2025-09-20 18:26:39,1758392799,BIPUL,BPM,False,5,3,0,0,W,False,,,,,,Jarrod Bowen,90,15
2025-09-20 18:17:52,1758392272,BRASIL,BRA,True,3,3,0,0,D,False,,,,,,Ángel Di María,95,15
2025-09-20 18:07:18,1758391638,BRAZIL,BRA,True,2,2,0,0,D,False,,,,,,Deniz Gül,93,15
2025-09-20 17:58:30,1758391110,PORTUGAL FC,POR,False,7,2,0,0,W,False,,,,,,Cody Gakpo,90,15
2025-09-20 17:15:03,1758388503,JHANDU,JHA,True,4,0,0,0,W,False,,,,,,Ivan Toney,90,15
2025-09-20 17:11:42,1758388302,Dream FC,SOH,True,0,3,0,0,L,False,,,,,,Jobe,21,15
2025-09-20 12:54:43,1758372883,CHENNAIYIN FC,CFC,True,1,1,0,0,D,False,,,,,,Ivan Toney,90,16
2025-09-20 12:50:48,1758372648,NAHIM,NAH,False,3,0,0,0,W,False,,,,,,Cody Gakpo,21,16
2025-09-20 12:17:06,1758370626,SUPER ACCOUNT,DRM,False,0,0,0,0,D,False,,,,,,Marc-Andre Ter Stegen,91,16
2025-09-20 12:09:34,1758370174,JTWON,SAM,False,3,1,0,0,W,False,,,,,,Cody Gakpo,92,16
2025-09-20 11:48:00,1758368880,Dream FC,AHA,False,3,0,0,0,W,False,,,,,,Jarrod Bowen,29,16
2025-09-20 11:18:01,1758367081,ARGENTINA,ARG,True,1,2,0,0,L,False,,,,,,Samu A.,94,17
2025-09-20 10:38:21,1758364701,JAKIR,JAK,False,1,1,0,0,D,False,,,,,,Gaetano Oristanio,94,17
2025-09-20 10:30:57,1758364257,HAGGI CP,AGO,False,3,0,0,0,W,False,,,,,,Jarrod Bowen,77,17
2025-09-20 06:11:57,1758348717,SSC,FBC,True,2,1,0,0,W,False,,,,,,Ivan Toney,92,17
2025-09-20 05:43:00,1758346980,INDIA,IND,True,0,4,0,0,L,False,,,,,,Heungmin,82,17
2025-09-20 05:36:06,1758346566,BANGLADESH,BAN,True,0,5,0,0,L,False,,,,,,Kylian Mbappé,91,17
2025-09-20 05:33:52,1758346432,SHUVRO,SHU,False,3,0,0,0,W,False,,,,,,Ivan Toney,13,17
2025-09-19 20:05:28,1758312328,PROSOCCERGIANTS FC,PSG,True,0,6,0,0,L,False,,,,,,Brennan Johnson,92,17
2025-09-19 19:57:44,1758311864,PROSOCCERGIANTS FC,PSG,True,1,7,0,0,L,False,,,,,,Luuk de Jong,92,17
2025-09-19 19:51:04,1758311464,PROSOCCERGIANTS FC,PSG,True,0,5,0,0,L,False,,,,,,Brennan Johnson,91,17
2025-09-19 19:32:06,1758310326,MANCHESTER TOWN,MNT,True,0,2,0,0,L,False,,,,,,Joël Piroe,90,18
2025-09-19 19:09:13,1758308953,PRINCE FC,PRI,True,3,1,0,0,W,False,,,,,,Jarrod Bowen,97,18
2025-09-19 17:57:14,1758304634,BIKI BARAIK,BIK,False,1,1,0,0,D,False,,,,,,B. Barcola,91,18
2025-09-19 17:48:24,1758304104,CHENNAI SUPER KINGS,CSK,False,2,3,0,0,L,False,,,,,,Benjamin André,92,18
2025-09-19 11:29:20,1758281360,PROSOCCERGIANTS FC,PSG,True,3,5,0,0,L,False,,,,,,Luuk de Jong,95,18
2025-09-19 07:01:51,1758265311,Dream FC,DLS,True,3,0,0,0,W,False,,,,,,Jarrod Bowen,24,18
2025-09-18 18:47:49,1758221269,PROSOCCERGIANTS FC,PSG,True,0,6,0,0,L,False,,,,,,Luuk de Jong,93,18
2025-09-18 18:41:03,1758220863,PROSOCCERGIANTS FC,PSG,True,1,2,0,0,L,False,,,,,,Luuk de Jong,94,18
2025-09-18 12:50:54,1758199854,PROSOCCERGIANTS FC,PSG,True,3,3,0,1,PL,True,,,,,,O. Sancet,120,18
2025-09-17 18:51:08,1758135068,PROSOCCERGIANTS FC,PSG,True,1,4,0,0,L,False,,,,,,Luuk de Jong,92,18
2025-09-17 18:44:32,1758134672,PROSOCCERGIANTS FC,PSG,True,1,2,0,0,L,False,,,,,,Luuk de Jong,95,18
2025-09-16 19:19:08,1758050348,BARSA,BAR,False,0,2,0,0,L,False,,,,,,Cristian Romero,94,18
2025-09-16 18:27:57,1758047277,PROSOCCERGIANTS FC,PSG,True,1,3,0,0,L,False,,,,,,Luuk de Jong,92,19
2025-09-16 18:14:27,1758046467,Dream FC,DRE,True,2,2,0,0,D,False,,,,,,Jarrod Bowen,92,19
2025-09-13 17:37:45,1757785065,PROSOCCERGIANTS FC,PSG,True,3,6,0,0,L,False,,,,,,Brennan Johnson,121,19
2025-09-12 20:05:57,1757707557,PROSOCCERGIANTS FC,PSG,True,0,5,0,0,L,False,,,,,,Brennan Johnson,93,19
2025-09-12 19:55:15,1757706915,PROSOCCERGIANTS FC,PSG,True,1,1,1,3,PL,True,,,,,,Léo Pétrot,122,19
2025-09-12 19:47:30,1757706450,PROSOCCERGIANTS FC,PSG,True,3,4,0,0,L,False,,,,,,Luuk de Jong,94,19
2025-09-12 19:41:07,1757706067,PROSOCCERGIANTS FC,PSG,True,0,3,0,0,L,False,,,,,,Virgil,92,19
2025-09-12 10:14:59,1757672099,PROSOCCERGIANTS FC,PSG,True,1,3,0,0,L,False,,,,,,Luuk de Jong,94,19
2025-09-12 07:41:36,1757662896,R SOCIEDAD,SOC,False,3,0,0,0,W,False,,,,,,Sergio Gómez,10,19
2025-09-12 06:54:12,1757660052,VILLARREAL,VIL,True,0,4,0,0,L,False,,,,,,Gerard,95,19
2025-09-12 06:52:33,1757659953,R SOCIEDAD,SOC,False,4,1,0,0,W,False,,,,,,Mikel Oyarzabal,6,19
2025-09-12 06:49:07,1757659747,R SOCIEDAD,SOC,False,4,1,0,0,W,False,,,,,,Mikel Oyarzabal,31,19
2025-09-11 21:08:53,1757624933,A BILBAO,BIL,False,1,2,0,0,L,False,,,,,,Gorka Guruzeta,92,19
2025-09-11 11:50:55,1757591455,PROSOCCERGIANTS FC,PSG,True,0,3,0,0,L,False,,,,,,Luuk de Jong,13,19
2025-09-11 11:43:55,1757591035,PROSOCCERGIANTS FC,PSG,True,1,5,0,0,L,False,,,,,,Luuk de Jong,92,19
2025-09-09 10:20:50,1757413250,PROSOCCERGIANTS FC,PSG,True,0,2,0,0,L,False,,,,,,Luuk de Jong,94,19
2025-09-09 10:16:04,1757412964,PROSOCCERGIANTS FC,PSG,True,0,3,0,0,L,False,,,,,,Luuk de Jong,58,19
2025-09-09 09:48:07,1757411287,PROSOCCERGIANTS FC,PSG,True,0,2,0,0,L,False,,,,,,James McConnell,93,19
2025-09-07 19:29:39,1757273379,PROSOCCERGIANTS FC,PSG,True,0,2,0,0,L,False,,,,,,Virgil,93,19
2025-09-07 19:22:19,1757272939,PROSOCCERGIANTS FC,PSG,True,1,3,0,0,L,False,,,,,,Luuk de Jong,93,19
2025-09-07 19:14:42,1757272482,PROSOCCERGIANTS FC,PSG,True,0,4,0,0,L,False,,,,,,Luuk de Jong,95,19
2025-09-06 19:00:07,1757185207,PROSOCCERGIANTS FC,PSG,True,1,3,0,0,L,False,,,,,,Luuk de Jong,120,19
2025-09-06 18:34:33,1757183673,PROSOCCERGIANTS FC,PSG,True,0,7,0,0,L,False,,,,,,B. Fernandes,93,19
2025-09-05 13:22:35,1757078555,PROSOCCERGIANTS FC,PSG,True,3,1,0,0,W,False,,,,,,A. Fatawu,94,19
2025-09-05 09:35:47,1757064947,PROSOCCERGIANTS FC,PSG,True,0,4,0,0,L,False,,,,,,Erling Haaland,94,19
2025-09-04 20:16:22,1757016982,PROSOCCERGIANTS FC,PSG,True,1,2,0,0,L,False,,,,,,Kylian Mbappé,120,19
2025-09-04 20:04:23,1757016263,PROSOCCERGIANTS FC,PSG,True,1,1,4,3,PW,True,,,,,,Matthijs de Ligt,121,19
2025-09-04 19:58:09,1757015889,PROSOCCERGIANTS FC,PSG,True,0,2,0,0,L,False,,,,,,Federico Valverde,93,19
2025-09-04 19:56:48,1757015808,PROSOCCERGIANTS FC,PSG,True,0,3,0,0,L,False,,,,,,Thibaut Courtois,8,19
2025-09-04 18:52:39,1757011959,R MADRID,REA,True,0,5,0,0,L,False,,,,,,Alessandro Bastoni,68,19
2025-09-04 12:08:45,1756987725,M S D,MSD,False,0,3,0,0,L,False,,,,,,Michael Steinwender,68,19
2025-09-04 10:49:54,1756982994,MANCHESTER C,MNC,False,1,2,0,0,L,False,,,,,,Erling Haaland,92,19
2025-09-04 10:48:08,1756982888,LIVERPOOL,LIV,True,3,0,0,0,W,False,,,,,,Dominik Szoboszlai,12,19
2025-09-03 19:41:45,1756928505,MD IBRAHIM,MDI,True,0,5,0,0,L,False,,,,,,Juanmi,90,19
2025-09-03 16:52:45,1756918365,PROSOCCERGIANTS FC,PSG,True,1,2,0,0,L,False,,,,,,Heungmin,90,19
2025-08-29 10:49:38,1756464578,BARAZIL,BAR,True,3,0,0,0,W,False,,,,,,Chico Banza,3,19
2025-08-28 20:25:54,1756412754,BACKBENCHERS,BAC,True,0,8,0,0,L,False,,,,,,Kylian Mbappé,94,19
